"Name","Barcode","drug.1_S1_L001_R1_001.fastq.gz","drug.1_S1_L001_R2_001.fastq.gz","drug.2_S2_L001_R1_001.fastq.gz","drug.2_S2_L001_R2_001.fastq.gz","drug.3_S3_L001_R1_001.fastq.gz","drug.3_S3_L001_R2_001.fastq.gz","carb1.100n_S78_L001_R1_001.fastq.gz","carb1.100n_S78_L001_R2_001.fastq.gz","carb2.100n_S85_L001_R1_001.fastq.gz","carb2.100n_S85_L001_R2_001.fastq.gz","carb3.100n_S92_L001_R1_001.fastq.gz","carb3.100n_S92_L001_R2_001.fastq.gz","carb1.1u_S81_L001_R1_001.fastq.gz","carb1.1u_S81_L001_R2_001.fastq.gz","carb2.1u_S88_L001_R1_001.fastq.gz","carb2.1u_S88_L001_R2_001.fastq.gz","carb3.1u_S95_L001_R1_001.fastq.gz","carb3.1u_S95_L001_R2_001.fastq.gz","carb1.200n_S79_L001_R1_001.fastq.gz","carb1.200n_S79_L001_R2_001.fastq.gz","carb2.200n_S86_L001_R1_001.fastq.gz","carb2.200n_S86_L001_R2_001.fastq.gz","carb3.200n_S93_L001_R1_001.fastq.gz","carb3.200n_S93_L001_R2_001.fastq.gz","carb1.20n_S76_L001_R1_001.fastq.gz","carb1.20n_S76_L001_R2_001.fastq.gz","carb2.20n_S83_L001_R1_001.fastq.gz","carb2.20n_S83_L001_R2_001.fastq.gz","carb3.20n_S90_L001_R1_001.fastq.gz","carb3.20n_S90_L001_R2_001.fastq.gz","carb1.2u_S82_L001_R1_001.fastq.gz"
"Wild-type","TCGTTTGTCT",-0.00000000000000000463722304190154,-0.0000000000000000115670819277047,-0.0000000000000000185037170770859,0.0000000000000000370074341541719,-0.0000000000000000115636937959157,0.0000000000000000208166817117217,-0.0000000000000000185037170770859,-0.0000000000000000138777878078145,-0.000000000000000018521787113294,-0.00000000000000000693889390390723,-0.0000000000000000277555756156289,0.00000000000000000463044677832351,0.00000000000000000926089355664702,-0.0000000000000000555111512312578,-0.000000000000000000578523502974687,-0.0000000000000000555111512312578,-0.00000000000000000780625564189563,0.0000000000000000150370935682898,0.00000000000000000926089355664702,-0.0000000000000000104083408558608,-0.0000000000000000115642584845472,-0.0000000000000000115636937959157,0.00000000000000000115761169458088,0.0000000000000000809661853621441,-0.0000000000000000158993731085947,0.00000000000000000173472347597681,0.0000000000000000185037170770859,0.00000000000000000983009969720191,0.0000000000000000237090168822794,0.00000000000000000232199965273979,0.0244962363668644
"Empty-vector","GTGTGGTGGG",-2.25205955268404,-2.92404204719203,-2.10795301779771,-1.11789849889729,-2.40601917051986,-2.19656447145008,-5.35666821541498,-2.13720757199852,-1.69599296797072,-2.34969350298069,-2.64084878414907,-2.54258762538565,-2.12405180384215,0.307518301306258,-2.70608857445551,-2.62817989379936,-2.30525037710481,-2.60556739075412,-1.88144193278497,-2.85968789801389,-1.96756294675068,-2.63530084866513,-2.39034213305509,-1.90319746410651,-3.74128567856687,-2.45887013481331,-1.70419911489056,-2.64481071983309,-2.62414132320962,-2.24813680078148,-0.525148690521092
"R18H","ATCGTATTTC",-0.0105939728173253,-0.889830370910004,-0.194883562445317,1.23932091428448,-0.9239334828679,-0.623644114449999,-4.17782132583218,-0.607273100958526,0.648235678252645,-0.8957200750518,-0.356312656643838,-0.435565943868709,-0.504629596177979,-0.540758736562932,-0.70505296039298,-0.453004267448221,-0.664420059703672,-0.413335403597982,0.356366376396635,-0.549931613778739,-0.425324856899851,-0.102163171615561,-0.669420455215816,-1.02596575861129,-0.817346501761662,-0.764925035677311,-0.692993119908991,-0.459702021250671,-0.722780082257564,-0.37872429165526,-0.0680977221169738
"K21R","TCTGCGATTC",-0.920232138019489,-0.092782921571237,0.618124449091394,-0.856683325806953,-0.190618688463054,0.0138499473026013,4.90705720000958,-0.377078731139196,0.785943073351848,-0.0217858996415012,0.790354955576758,-0.155969431045325,0.393725035279953,0.575294544737717,-0.18095667952611,0.36515674408735,0.274366853492447,0.173262154403378,0.578606976161199,-0.0144795136118921,-0.0337699431689078,0.14343698343264,0.00551243601460028,-0.312009080178521,0.197600515222652,0.0782881522544146,0.0467426992968279,-0.0512792404884544,-0.162870313222314,0.0920772106228016,0.0470081100585474
"W31C","TCTTTATGGT",-3.14536476025193,-2.94269803384119,-2.828404183138,-2.4703885338088,-2.44492097116557,-2.13832800969501,-12.8377431738796,-2.41516419904161,-0.824452093071433,-2.12635828699565,-4.09267695278978,-2.51266615128316,-1.87367867602444,-1.22493290879713,-2.21654247498647,-2.41754401981013,-2.2117540879622,-2.42614697285358,-1.15716077159497,-2.34763641168686,-1.95376803781439,-2.06703798467159,-2.1246669926536,-2.37591478852221,-3.78216845779533,-2.46400403370695,-2.33871427555741,-2.73852262175866,-2.50378509743781,-2.08659926597631,-0.485654525185254
"P41L","CCTTGTGCAT",3.25632475171539,-0.885827273981137,0.87341690804051,5.83539615931524,-0.57927896041821,-0.38745483198799,20.1430034498151,-0.697137718091717,1.32595662821178,-0.675788463768006,1.18069202238252,-0.888695140486975,-0.240155181311221,1.91881505821371,-0.1328189830354,0.980543838106301,-0.284848580321736,-0.206687657401823,0.871527238215087,-0.325348535468295,-0.353079540831988,0.180670695538545,-0.329725850584465,0.629267537881381,-0.912021630194594,-0.667020216227707,-0.353102375397051,-0.826479837355627,-0.684109241823323,-0.229215276626809,-0.0315443986689353
"Y42C","GGGCGGTTGT",1.84560157834524,-0.539569615312135,-0.427753562681953,4.11234946859225,-0.430748518372611,-0.939847346831724,-2.86890980280971,-0.698975253406929,0.0077239823126299,-0.263765588601253,2.23139408284471,-0.550186190720807,-0.317120160696012,2.6643348155922,-0.186903923967554,2.09466237867649,-0.765902962548527,-0.570127809865266,-0.471001558535918,-1.10424405178963,-0.535081607647329,-0.672639503797524,-1.0215509008143,-0.192405019859377,-1.1720783711168,-0.773774867846045,-0.699677281176703,-1.02810799669508,-0.897145121997829,0.237651076149682,0.0825993323749588
"N55S","TTCCTTTACT",-1.49536957305461,-1.40162229518799,-2.13570161969778,-4.04868130841791,-1.19553306565988,-1.2145865272478,21.6840701943619,-1.56160506723201,-0.920969635434263,-0.749631731053906,4.19651561538284,-0.523339161560153,-0.755258632765795,2.1769690536096,-0.905512178513764,-1.15420242596906,-1.20278410154398,-0.597589802633075,-0.822729320199716,-0.772742802865587,-0.897939913469176,-1.00917724903157,-1.02069118561855,0.199626755941936,-1.82116450423994,-0.918761418470581,-0.438240806635044,-0.911006619677207,-0.981569559065305,-1.09172781353937,-0.242419306337569
"P59A","ATGGGACTTG",0.837349661654697,0.0552437298272745,0.567821411343714,0.830531545076184,0.00696834590312531,0.242315688890055,1.03231477880566,-0.440825023730217,0.370559230229405,-0.183966854776193,0.489245766916655,-0.0618973688384648,0.365125168362499,1.9304677760849,-0.0349000851823127,0.66019742432561,0.131847579868708,0.15247010429314,-0.161313866359672,-0.0214575921757754,-0.182548357303179,0.559318842917723,0.14321954407996,0.107431804821372,0.013629365624909,0.196866637328201,-0.138244540232292,-0.278826346764587,-0.284889458402461,0.0957050312135692,0.0478950726235844
"N108S","ATTCTGTTTC",0.520502040662011,-0.770580659483844,-0.240162417332233,1.35044121401548,-0.46820493871956,-0.45606380363496,4.32248166171777,-0.363141803160001,1.06045969493111,-0.42923498043096,-0.401445709822771,-0.420449380793176,-0.112308581082468,0.278729527952059,-0.690208076512895,0.49193083983488,-0.0110872371819241,-0.566241581056388,-0.138824597354414,-0.273963538933054,-0.413562245594551,-0.0798166127159481,-0.439912664853437,-0.194434486528771,-0.343645499870919,-0.559252692372627,-0.608947574345237,-0.383243575294983,-0.506020197929101,-0.219641292925616,-0.0292036640794568
"Q147R","CGCCTGACGT",-2.27703220731007,-0.578214553067487,-0.0466587856995233,-0.777582161690928,-0.318716865581345,-0.488297812552776,-0.324107953964661,-0.940361448715581,-1.68331899399005,-0.527347527122096,-1.00625264909147,-0.199385734666343,-0.422961991124363,-0.238383118981938,-0.574306360372551,-0.104941808199071,-0.104645434927318,-0.887740813592879,-0.182245913945332,0.0573415746944925,-0.823242838930683,-0.0443104798681049,-0.737667237973968,-1.52852240914017,-0.596316055772141,-0.687359308320038,-1.02400102561649,-0.209572817167501,-0.343410768098172,-0.185005329830742,-0.0207355488845282
"D156G","GCACTTTCTA",-1.03200423624797,-0.0963871596208624,0.122516208972216,0.492952992226195,0.0622301154113917,0.013050409632629,1.35202772596084,-0.106567494609087,-0.212063015191714,-0.185575951059186,-0.454954945325309,-0.153571359243679,0.0587680468832942,1.4779142880768,-0.242714208359483,0.243438500021965,0.0232821210165909,-0.242624159324135,0.518458007438244,-0.0939976297363921,-0.239471159805646,-0.0917982664097597,-0.00795046222759298,0.0763968126274739,-0.123484484014696,-0.0458565116907733,-0.010799066336094,-0.224893389586181,-0.247140413626352,0.0305433944308956,0.0319637631619616
"V159E","TGGCCGGTGC",-0.143163621573137,-0.325711837853299,-0.816805839956237,0.646478007575079,-0.0820117679100764,-0.411187492311315,-3.08944834522709,-0.450252066874419,-0.891465379385199,-0.502556831888835,0.0713231406578007,-0.380464244909407,-0.0675880357712447,0.794443737158928,-0.637163080819159,-0.550635202948328,-0.40705193024707,-0.594608695545581,0.33197241940945,-0.555135808407588,-0.468858404930216,-0.213174538207237,-0.0409722769029431,-0.805176529366465,-0.710326987331901,-0.320828504762348,-0.608043284691622,-0.428126607787188,-0.400737142150369,-0.0968613445031807,0.000814694122987921
"P168T","GGTACCTCGT",-0.970624271209877,-0.267453217491398,0.306537228130176,-0.96191829546151,-0.290552248506105,-0.0818278231293828,5.64080729730309,-0.162309036095519,0.143430959276952,-0.149195029248041,1.13607762961464,-0.297352078336111,0.317025353415313,1.24210147172267,-0.176127276417286,1.25142909882874,-0.0800045017245787,-0.107482276235033,0.420957492589136,-0.356146081194149,-0.166207469925662,0.392367168028783,0.0852713783397087,-0.400124904127226,-0.218435856288581,0.0397657375640376,-0.201493653073665,-0.341344995020249,-0.393467145054863,0.154158405459072,0.0621862850633057
"V208G","TTTGCTCGTT",1.56077487536835,0.0370016278792022,1.16726907727417,0.3776904676778,-0.131748466169973,0.37053982694748,15.7103272219495,0.375044159703336,0.975371297154808,0.149240843188262,0.594770682486719,0.105661412205568,1.15516976682196,0.593216148068608,-0.139742980936584,0.767972530389962,0.210063355679473,0.361164237429724,0.771627304280273,0.165349457822307,0.0568026176152027,0.715986226591257,0.311026655808112,0.531472348701469,0.478926474264107,0.453039775486726,0.295238184459715,0.179966244171009,0.0647239219136115,0.514744466044635,0.150345643888122
"F266L","TAGCCTCTGC",-0.198395663486953,-0.34801854204465,-0.0985853796819906,0.0802635362067446,-0.299577028762273,-0.0403970852977667,7.21452094180778,-0.016394814504063,0.57190928698505,-0.417804356421505,-0.711328641947788,-0.24820926313322,0.034737562300655,0.740864521266463,-0.408857898132398,-0.258958177345111,-0.0484638543053607,-0.196907348795713,-0.123061473326088,-0.246483425312086,-0.337088681727221,-0.335744607581362,-0.20659152861712,0.13506759590405,-0.516009330091258,-0.326327094362062,-0.344916387238248,-0.273469600060035,-0.187478852216812,-0.200367242996002,-0.0244913690978013
"R324T","GTTGAGGTTG",0.0103390735426109,-0.566255126195869,-0.592421327280188,1.61677266723718,-0.37364372831875,-0.651370127528774,3.85421754880511,-0.697746435938705,0.85698775865381,-0.669895520789727,-0.264463867458736,-0.45007334834555,0.558904432795798,0.423265117878113,-0.649210011705834,-1.41030075472973,-0.35172446879353,-0.607476061447419,-0.380851754853529,-0.0203333477838251,-0.325640332139151,-0.434750839093265,-0.326991842766943,-0.657556166494269,-0.571857418628276,-0.13198517966875,-0.276116766627261,-0.588118361169182,-0.64893244496515,-0.659401258585613,-0.13672017912846
"S326R","TTGAATGTCC",0.235543864255609,-0.58647964620664,-0.250363331921522,1.19545213201984,-0.585994882093688,-0.369666572098564,16.2464267427936,-0.517202826765877,-0.285610316376641,-0.424277660362067,-1.32620690696926,-0.589036837283299,0.0670984090354307,1.08615937981153,-0.416794806930793,0.602431090152748,-0.0568134058333904,-0.202793594776988,0.55768876307282,-0.114065798812422,-0.103045590813471,-0.125872470482605,-0.0605985262578176,-0.561505285744832,-0.484179866465174,-0.412624437883536,-0.270623564010285,-0.384682116970767,-0.286834185351048,-0.33992557884362,-0.0586118600202864
"S445Y","TAGGTGGTCC",-0.0638369781484132,0.00022087099629372,-0.0623298762611973,-0.59188683926788,-0.0159992501681953,0.0344126797779008,0.973349609061528,-0.247125125989967,0.730924646279242,-0.325829488031893,0.851425622301853,-0.22101653488053,-0.419516731874219,0.530254782829518,-0.110585480572338,-0.196820333821887,0.00396035492047799,-0.22238514550151,-0.0394779427996295,-0.0221953639621304,-0.280856793931569,0.0866118918646518,0.0272764864849029,0.189196768818538,-0.072085421355892,-0.14881045478169,0.111248872712191,-0.148117964038827,-0.255125775306496,0.0234734018379147,0.0302352270868809
"E462G","TGGCTCGGGC",1.46846898046289,-0.277039808271384,0.823790308918622,2.17261975229168,-0.211654052299373,0.14171005975736,3.0912011492956,-0.323009885774246,0.0108596116032781,-0.182514305683681,0.683930159753895,-0.220340183628388,0.229245329564214,-0.147224373284122,-0.072028307153437,0.266268040677219,-0.0537028892665855,-0.214325659520383,0.95859745230479,-0.3654095209726,-0.259571891131865,0.398946415258625,-0.0913294032044427,-0.149930428295875,-0.430716377770389,-0.153998125310827,0.00118971457394536,-0.20285817241828,-0.372303973718361,0.073040668838902,0.0423538832279676
"N588D","TGGCGAGAGG",-1.50205667021965,-0.801189856703172,-0.700510866610743,-0.700019213708832,-0.48260175925489,-1.08992787291768,-3.08709481606479,-0.820270386870298,-1.61414733299183,-0.965439206842918,-0.742758563273957,-1.12064855881775,-0.779869524731531,-0.804096743116778,-1.15577945758062,-0.190487701900756,-0.805070972377766,-0.739053802873516,-0.822009669355068,-0.736429500464769,-0.757805194683003,-0.342874055875243,-1.34486726768526,-0.782312847532862,-0.836198979386413,-0.914651414720583,-0.908581606059097,-0.856313855578655,-0.756536707976948,-0.54359972361452,-0.108407966899839
"H595Y","TGATGTCCGC",1.62901027198305,-0.168369480380888,-0.537776829663396,-0.142211521669247,-0.158731232264502,-0.203998490404499,0.881019898224669,-0.330891378631318,-0.583338556497765,-0.127568959207061,0.608989625622783,-0.252738980826351,0.189097478385966,0.124380501544045,0.101364898386024,0.816233996700873,0.104374225037122,-0.104401520784408,0.0725508762899376,-0.0184476173261841,-0.12694409326827,0.46419614526339,-0.0584252239622303,-0.160721908710095,-0.309002633813325,-0.113879113472202,-0.197552490981095,-0.109994643215044,-0.218539958262462,0.131361910748401,0.0566127907527314
"T598A","GTGTCTGTTG",-1.42710446431027,-0.13299618543935,0.0508195734155032,0.485908900486673,-0.132896219388314,0.0949503419844245,1.11428577110348,0.138074986176143,-0.0581821446974673,0.0865210932588539,0.878600894597905,-0.00739077221752668,0.314006077057864,0.321426066664201,0.363949893940941,0.550102445935133,0.269679641141893,0.288376765224297,0.676876407362806,0.0786815661910314,-0.0335720377803237,0.575347305861871,0.222862189088099,0.116153006774353,0.225035572418658,0.253964074485574,-0.0576258623013581,0.1338739698697,-0.155425736118952,0.45729327704962,0.136299454811099
"Y600C","TTATTAATGA",0.0110256625163923,-0.0893986155658266,-0.141313853785732,1.73802110090779,-0.0154314314999125,-0.0246419218538781,6.65412688851454,-0.293395380580498,-0.176580656550622,-0.215893203980888,1.13371088835616,-0.18345215003806,0.208282703042155,-0.0918577117177322,-0.20209094507897,-0.275570258939007,-0.170748959194091,-0.0661241657604695,0.199574579266525,-0.14127311801552,-0.265118927138983,0.176990358529801,-0.156028319424502,-0.459809580279426,-0.0245082799367969,-0.17242836300839,-0.264931439696847,-0.215879162721549,-0.315768576059574,-0.273802819711738,-0.0424455666274467
"G602R","TCTCCCGACC",1.55604910154091,0.156447745073112,1.25485285499301,1.29257734504718,-0.212719228049305,0.0296589610696995,4.9409827386519,0.47863823281097,1.06862851423936,0.344120516101761,1.95415100574929,-0.159583304273406,0.740685535821384,2.30046416346256,0.0817865747445466,0.629102429151422,0.360927165768328,0.217051481460481,1.24611808073053,0.112014457987708,-0.0311100505316476,0.893411338103684,0.301014443334087,0.299456703124063,0.229729506474788,0.231502075935832,0.220637176158563,-0.00847986783101001,0.08771909842177,0.964153034406546,0.260221137058395
"G602V","TTCTTTGTCA",2.73576393658339,-0.513942480904751,0.522895079816569,3.04829505396216,-0.451703386298167,0.0722089187976075,13.1684560538391,0.0583576635061457,1.2387125466786,-0.237504392847821,0.508792636286354,-0.665988637984496,-0.157752812267101,2.34781225726877,-0.113742401756754,1.84053657739512,-0.344296754906148,-0.06421891529963,0.419038889731335,-0.339955796326209,-0.336050651582271,0.323468465741941,0.172284979259969,-0.590573766330437,-0.60628408609377,-0.0180339407380881,0.019523588780939,-0.622369677336352,-0.561058180321291,0.201300930666727,0.0737121182830939
"E747G","CTGGGACATC",-0.355956325151014,-0.0594902297923724,-0.387263899671639,0.0866961586757215,0.0887749473525609,-0.125961449700338,-6.45371236727757,-0.207860016645103,-0.755706175937266,-0.131504158511738,-1.04152668657899,-0.248533533799626,-0.192394336512039,-0.0798131312558571,-0.0590768494442839,0.0342995419022403,0.163465681935444,-0.13634806797761,-0.34105939948365,0.0366395241366445,0.0048285201656586,0.123600165539438,-0.217770608440267,-0.544589742346703,-0.0237721977261952,-0.114476074188847,-0.311203209910206,-0.0638278779297747,-0.101115790622714,-0.118915631293588,-0.00457733844650073
"S755C","TGCCTAGTTT",0.629106208691934,-0.2692204750546,0.0576905244150012,-0.223332699401272,-0.687299279400966,0.182099408193222,5.05996061661243,-0.0412451562905754,-0.0735182351699707,-0.173798547576024,-1.03498006164975,-0.480224107703188,-0.0298672980071156,-0.254804723706912,-0.408662146182683,-0.188147473213097,-0.720136143435909,-0.324982491056951,0.338167602984158,-0.669282505130975,-0.569053205784333,0.178215024534935,-0.247471515302809,-0.448115288387928,-0.604727011705664,-0.238149556188642,0.0159973760392928,-0.733432653092436,-0.472572835704579,-0.142822009119961,-0.0104221870731345
"N854S","ACCGGTCAGC",1.77843299691289,-0.0652781305294274,0.57528107705178,4.39887572828146,0.177344684543207,0.216607424240801,11.8749556057335,-0.127320104250977,-0.0905927036259273,-0.144524274334463,1.25006173759874,0.103296161368203,0.444134813999918,0.402111592253083,-0.0112969988143423,1.42420123309025,0.0736216673562297,-0.0140418197940671,0.480717738925155,-0.0519512617552272,-0.0739005854464913,0.300354839224655,0.107170953674422,-0.229182414815075,-0.0174936473203496,0.267801548341293,0.529018216917778,0.0690154123532642,0.0213290239114857,0.275404121199648,0.091829540109236
"L1019V","ACTTGGAATC",-1.75806028072397,-0.672525095953842,0.128903244990747,-1.26516062920071,-0.577124912199644,-0.40180299757778,0.0531433826978918,-0.300994132250494,0.262074215538496,-0.634515792389401,-0.272121149545617,-0.695877100023963,-0.339638550420379,0.944570263051729,-0.742855882872878,-1.13985663902183,-0.56312186501215,-0.436362151554827,0.26289270440485,-0.887346500969004,-0.493054285791333,0.115656280908543,-0.258842968316476,0.0961661213615496,-0.677141471669138,-0.464860878578968,-0.134063337193356,-0.49122469420247,-0.729510165966586,-0.298793426328672,-0.0485554973674604
"S1074C","AATAGGTTTT",0.553577568285576,-0.441601379280579,-0.415537453611138,1.60253233232498,-0.251406553070923,-0.300655034927264,-1.50248542223027,-0.337442433008496,0.555993572919016,-0.533769866390877,-0.596118684747144,-0.83757230847526,0.236388807330015,1.47325683275863,-0.558812019066028,-0.184938339897202,-0.394353744329001,-0.504164382136791,-0.105073301731417,-0.464609559023864,-0.492149240307503,-0.0106298862673236,-0.0338071246531872,-0.425051080321,-0.470262380363121,-0.35833854382999,-0.251929914448819,-0.539787219235357,-0.572781434167151,-0.258099542059951,-0.0386062865205523
"I1167V","CTCTTGGGGG",-1.32347171690413,-0.294775889343434,-0.300580731119032,-0.0325855729975792,-0.183790901472352,-0.26228622609888,1.36094621600195,-0.333406367058526,-0.338289173493549,-0.445447067646021,0.152140566195929,-0.319661152745341,0.0194993071150088,-0.204820835950397,-0.392012951091306,-0.0403100014548551,-0.109094242837294,-0.408685496402108,0.342395692077276,-0.173650334515383,-0.295801133062469,0.201462258920195,-0.260793255067292,-0.815977567822312,-0.206582502467684,-0.397543169391964,-0.570000453121257,-0.29701427035659,-0.372271852036266,-0.173103346039224,-0.0178256436649541
"M1168I","TGTGTGTTCA",-0.147190853128373,-0.0247749304754512,1.08154032029302,0.0658323933501895,-0.044080362765549,-0.151794908808868,-3.53655372020788,-0.129722673742195,0.287270195038606,-0.16440274084484,1.00632006918497,-0.040425681848086,0.496234942264128,0.693657050455918,0.218988409645253,-0.0354099115598645,0.0908290786947059,-0.16636472126014,-0.214516168130017,0.204829152303747,0.0816672483235358,0.312658686768323,0.145513706247133,-0.208831618526089,0.022486321421595,-0.0544672853404834,-0.154587141031549,0.152064547515659,-0.184384099014305,0.223670870425667,0.079181324560495
"A1170V","TTCAGGCCCA",0.708500307281319,0.0660441341384768,-0.167721687517254,0.0401656755559526,0.0677831812933233,0.294242468651196,-0.125892560929574,-0.423461744992693,0.425583171522279,-0.132964982644828,-0.837573253428351,-0.13954694280394,0.120871172779139,0.867522299336926,-0.123721154588325,0.667809566607868,0.0985218987015636,0.207296674002853,0.320207514545203,-0.105290175718799,-0.216255893249491,0.27645859505281,0.180761607328358,-0.162078144028498,0.111473771679688,0.0710555693352004,-0.277344189954861,-0.0468917303000158,-0.139108620633523,0.0315131948314996,0.0322008687820914
"S1172L","TTTAGTCGGC",-0.201617511845847,-0.784986394962198,-0.759344629918862,-0.00751117455521807,-0.883256520430115,-0.581338935671297,9.65832871797759,-0.75292749247895,-0.353336101870529,-0.649679043553224,-1.33104905606556,-0.725315275709916,-0.796514901410792,-0.637927229178384,-0.702452509034593,-1.30323055131393,-0.745385360487727,-0.820803926457079,-0.701393907533453,-0.70876774237384,-0.582047560751511,0.00653797433498295,-0.619307753140481,-0.847396049770731,-0.828435964078975,-0.494606127364816,-0.54179059513902,-0.967956184900207,-0.865279172007594,-0.543481638247467,-0.108379096315576
"N1228D","TTTGCTTTTG",-1.01161007246522,-1.01344393857891,-0.480857233798905,1.96427312882624,-0.984641536398456,-0.558240450788217,-0.767668838034939,-0.554509308537566,0.295872808778736,-0.724917031544594,-0.0961675255628509,-0.887288236717228,-0.251052294933769,0.472158867216151,-0.675235402296284,0.0254868590067959,-0.687442453539698,-0.612026723351915,0.0835627098091807,-0.847538383508893,-0.775472619288881,-0.0943546844710967,-0.367492564422918,-0.331169779091959,-1.15711368562914,-0.512382419955595,-0.336972647077826,-0.929260780743343,-0.83460955313126,-1.04005555178703,-0.229786001939399
"R1329S","CTGCATTGTA",2.5989673841451,-0.271449745165143,1.15405713398788,1.93050234303544,-0.216165657650471,0.00855263524826544,3.3502072523742,-0.0383999737912453,0.575017982424102,-0.221942485287491,0.11019171063513,-0.125183447211067,0.451441961136625,1.09300634011124,-0.313391892931201,0.629337130913208,-0.232569258164939,-0.108301140896779,0.478039016425876,-0.281846737741402,-0.198043592916616,0.332965405960809,0.256537119139592,-0.112696189642974,-0.341291417463252,-0.17842063716249,0.0198485217281813,-0.202975527646123,-0.433130055473291,0.173489367521072,0.0669124944405771
"D1420Y","TCGCTAGGGG",0.837625989474256,-0.642538447224707,0.0844029501946575,2.32419092856623,-0.432487490808319,-0.331177596015887,3.58321373760342,-0.342710087473646,-0.12345486455049,-0.40188677817156,0.541149507555675,-0.438452752307931,0.173835926282298,0.0984605184906997,-0.484301901940191,-0.523329433160799,-0.520990454231708,-0.36155057155163,-0.181832518266195,-0.525116420767549,-0.509572750915716,-0.0171218292606874,0.0915399891565089,-0.841343192626089,-0.556933810058697,-0.282076000928186,-0.242163789480578,-0.565034929975338,-0.708210112850889,-0.157610407422363,-0.0140377891578867
"F1524V","CCGCACATTC",0.197605331375933,-1.14107990296095,0.18736892467634,3.69489501506877,-0.811306953538871,-0.70153104104933,12.4428159622761,-0.627810842534811,0.885341571143884,-1.03883597744136,-1.57110553598594,-0.871739830386194,0.0932526072398082,1.74494774886998,-1.13625186841425,0.61308461138231,-0.7746495937374,-0.690419782161835,0.248477230481855,-0.771763901652273,-0.667860069022617,-0.228177994497277,-0.588047633622695,-0.393201668476513,-0.939322620672685,-0.785849546271971,-0.295342675345069,-0.88876126403052,-1.28354104368617,-0.6628149161907,-0.137554781179419
"K1530N","GTTGGGGGTG",0.0786688882231296,-0.212336712477478,0.929344369260046,2.76662342733643,-0.181137959848378,0.220496899962432,2.46218823537932,-0.14931190053851,0.342021348954732,-0.232804114559468,-0.292054103828848,-0.133408913184456,0.280034029455812,1.15481538579544,0.0336324223865074,1.3910722195299,0.0858882861019376,0.0944452150658053,0.231547502328454,-0.229723475524704,-0.230451892286572,0.35683876310156,0.0360663377764905,-0.698450497289664,0.136141206132037,0.321544207454948,-0.0880903112589891,-0.174530118742478,-0.252537613806068,0.089337902781491,0.0463383791695564
"V1532F","TTATCTCAGT",-0.789727786152964,0.00137046754254798,0.341576908962473,3.01706580222159,0.184767706647671,-0.2195700289672,9.22687223098832,-0.5027402030932,1.08086352009502,-0.391766500940273,-1.51692169018257,-0.323550574254806,0.328727562321836,1.93576790888631,0.134851112833758,1.19910411166108,0.310921934566744,-0.173452033762802,1.03010530761832,0.00194114657668181,0.041914183888155,0.0347527850398413,-0.181033611302544,-0.122083389552548,-0.139665199764408,-0.0499382344710646,-0.621348775418276,-0.438679146661754,-0.299018161897354,0.117409383511448,0.0532015500264591
"K1690N","ACGCGGATTG",-1.13742445007524,0.450305428012245,2.39621277033685,2.77493612800949,0.436329291433321,0.652533397188072,6.08881472569806,0.353933898611372,1.49003222844037,0.470570016749582,1.32748942804778,0.381465883216253,1.25914340324326,0.522345060456504,0.386049193724434,1.21541789053952,0.465563925362942,0.426900125672048,1.29078665086004,0.172788000776718,0.154379432976474,1.12464966526255,0.52628355111635,0.619443707964146,0.563084893723208,0.518861790524225,0.66288521174046,0.381990474539489,0.204189344131909,0.996072451026201,0.268025086270079
"E1695V","GATCATTGCG",0.430756561480349,-0.483626165140071,-0.130268839483957,-0.149697493682146,-0.48713497531899,-0.548611831874317,-1.12371180124806,-0.573812881407696,0.585524868547338,-0.47419121360461,-0.511257178186451,-0.510879985314482,0.255582455578452,0.681168581190021,-0.436036568789944,0.00323176843898106,-0.372396452751758,-0.79732259485227,-0.0794369540671346,-0.177062032111756,-0.759376293101639,-0.271969734425333,-0.702557984984797,-1.00342530428033,-0.500287192028751,-0.472494401034163,-0.761797237552485,-0.397563528856884,-0.445649331777677,-0.842185284905453,-0.181408879899664
"G1696V","TCGTGTCCCC",-1.94992351101946,-1.51268421566194,-1.64189104054574,0.390826849166167,-0.992177881414584,-0.820118106713127,3.48028017191279,-0.991431246124921,-0.93700093380294,-0.871596512731107,-2.67565109750258,-0.782075783706235,-0.589707764060883,-0.525744971434617,-1.15107930342296,-1.28781436295061,-0.894185229436113,-0.98746278077002,-0.401591134088564,-0.685751396830247,-0.76426186490229,-0.546195283263388,-0.998664683036562,-0.91538005327979,-1.29840783145312,-0.749668163366394,-1.15068826456601,-1.00291689116735,-1.03106394061871,-0.863947583500079,-0.186729524540061
"D1699N","CGTGGTTAAG",-0.612738747058931,-0.273375553280938,-0.914869538384072,-0.238720181113975,-0.497449684152854,-0.548798337865523,-0.294828496154439,-0.177683480485536,-0.0585737049217354,-0.176101216704034,0.388652374489511,-0.333571053488385,-0.0492807159220237,0.915390000894001,-0.726884816068361,-1.04414791251678,-0.16496973466296,-0.134585901628086,0.00921641644748141,-0.36226407119465,-0.39063268341919,0.371970637108846,-0.251129888642469,-0.511175141574649,-0.125518323240474,-0.294137811684691,-0.700396083427877,-0.175332547126473,-0.342116068763097,-0.370478711174761,-0.0660817676257802
"D1728N","GATCGACCGC",-2.94106233782398,-0.319015456213516,-1.0061904496667,0.18842391904968,-0.60679538817482,-0.0979756831613461,2.13417937247508,-0.599994274036287,-1.7379187681375,-0.149113563284772,-3.94963686638934,0.0532025503104082,-0.189360550758688,0.745282523260957,-0.444587644002636,-2.1548124244641,-0.0358781662421363,-0.046288723571311,0.460403871229546,-0.00248771445287307,0.0282851047367166,-0.124156052448916,-0.110412244768888,-1.64353593703225,0.205573446717012,0.0618803469554832,-1.01076409692826,-0.0270681711015972,-0.179050803542162,-0.708684115957099,-0.14876930021725
"D1737V","CTCGTCGGCG",1.21489078342878,-0.0948147472129965,0.5592677986443,4.21311401408283,-0.149614904023888,-0.0227841349493484,11.1928248941451,-0.382158845261104,0.458852914858347,-0.436162702130687,-1.09018583911463,-0.213291591081194,0.162926007830759,0.773398341838324,-0.23522392933298,1.1395941777918,0.0909459023656756,-0.202715654398386,0.520256850806618,-0.0782838985253868,-0.151506543346983,0.479972057298644,-0.0916104560118196,0.403275650322727,-0.225955604140163,-0.0371878547053025,-0.311772865445049,-0.557778767048735,-0.294977383790966,-0.195902344525003,-0.0233997501212331
"N1878K","TGCGGGCCTA",0.335679671861867,-0.447041046259981,-0.0745273425115865,0.688685803494959,-0.365038226415083,-0.295133553413054,1.28844995655191,-0.32438706295463,0.0272653923833463,-0.221394236213426,0.598558894139268,-0.260687394712028,0.135545066315283,0.0336002857474818,-0.425229318816863,1.30610526568065,-0.313384039668856,-0.135534781508883,0.44769294602195,-0.436358922737038,-0.278040516741785,0.236584573997236,0.000198188515549716,-0.0181793761351867,-0.198170023598865,-0.174005444363293,-0.494892870120262,-0.476722603056641,-0.339178678410051,0.0243266772083373,0.0304438436080944
"H1918R","GCATTATGGT",-0.801912424857429,-0.881939847726854,-0.626287989740927,-0.208612277425718,-0.658224522102887,-0.683012480640676,6.15292948551941,-0.737236136839483,0.0881388247964683,-0.87989074675874,-1.91885428993361,-0.96337500121269,-0.57534115407713,0.202419875569661,-0.528705284671149,-0.686777843848311,-0.466431009179464,-0.639005119879875,0.569519799190222,-0.84636223240291,-0.659832589957341,-0.16893000328267,-0.675029894577566,-0.70313290304096,-0.771630581994185,-0.716461508049686,-0.748904890192918,-1.14526167717768,-0.781274478239036,-0.814529907747865,-0.174647441827676
"S1970L","CGGAGGACGT",-1.0557425343047,-0.21407298844387,0.0922789430368338,1.91201253430319,-0.376564301048282,0.0444964857139592,2.3015816292518,-0.168820682359449,-0.333521492394324,0.0437305830679813,-0.719038391773055,-0.142654319435244,0.442139245723621,0.476313141110676,-0.513046407726508,1.0396743533193,-0.0422091075986926,0.0533781571406477,0.70839004323654,-0.394974424958779,-0.177264546047047,0.417479809793005,-0.167782969977553,-0.251628872482027,-0.183948148426557,-0.0378049864509688,-0.00896832998891034,-0.423946600891547,-0.326076832919699,-0.0000157733098578152,0.024492379964647
"E2020K","CGGTGGCCTC",2.23588848879835,-0.335591012103763,0.246558465504296,3.30696056700562,-0.212785019311926,-0.0902352891520354,6.7987780719802,-0.482540700311178,0.0221694096628466,-0.492295266426194,-1.26663886929469,-0.64813514975473,0.0384779583861944,1.21564257558596,-0.607221439879943,0.762546827488827,-0.293111717937024,-0.205425958269265,0.0774468454616456,-0.164047146943711,-0.245518056442914,-0.0499579641061345,-0.180732000237542,0.556724767322352,-0.32899227494725,-0.352218790122902,0.086692978352176,-0.527161326238251,-0.428192165987657,-0.730615092830491,-0.154131184856995
"H2074N","GGTGTCGCGT",0.935847041913617,-0.145340633201806,0.217165544580891,2.50637708196853,-0.0478464623814846,0.0714741066107095,5.04415292738295,0.248606332186231,1.51384383387248,0.0449000727727368,1.48267737534817,-0.214088580184637,0.437495226304511,1.48848394169111,-0.0744140071743022,1.45352870917127,0.150848497350091,0.0763915610436111,0.974704624759681,-0.187991828073608,-0.173378135950539,0.887206274496968,0.154031344281895,0.305718746776204,-0.0218406693704496,0.184859734635577,0.00939770239798847,-0.202730578225718,-0.220387083315125,0.249291475780331,0.0854452831203542
"K2075N","GTCGTTCAGT",-0.911608204838895,-0.671474731605841,-0.595267164719533,0.298191606449464,-0.659281948847898,-0.3968415067588,0.614047112929142,-0.641161801519348,0.0366592442428765,-0.637986437382195,0.158145525505815,-0.456492792571653,0.116685740231077,0.499543015452426,-0.826267597373046,-0.784545285736304,-0.224433859146366,-0.0332677201223771,-0.00843153872617712,-0.334251532770431,-0.37524145517522,0.41656817741435,-0.515648353674835,-0.85346835282207,-0.547381204512696,-0.390761061301077,-0.401512398434808,-0.275564878551773,-0.747712205157213,-0.042594997503286,0.014082224069949
"V2138D","TTCTTAGGAG",-1.05843623016524,-0.399372191918601,-0.520131131745138,-0.82668644711824,-0.320519586118468,-0.348848961531307,-3.46906141222816,-0.692011922922736,-0.868709071457247,-0.438398194988256,0.774213395482142,-0.643610778159664,0.163353285241845,0.498658405658213,-0.665950336784253,-0.37464357154065,-0.361468810175673,-0.424117398573848,-0.561624330263662,-0.370479701760134,-0.413478957420392,0.0514899369751722,-0.264465593969963,-0.0263510010443269,-0.529627150725366,-0.361521112847132,-0.534607800256724,-0.466315034098667,-0.430857581457787,-0.238969657088115,-0.0339292382986359
"H2324R","TGTGGGATGG",0.359333973008657,-0.877247967140242,-1.03671247817546,1.39700377750329,-0.754062185826746,-0.886943398659163,8.35199613796479,-0.726742297805122,-0.0138040467589923,-0.814875486288749,-0.181160345338966,-0.869451666038161,-0.705479288487037,0.44245877246194,-0.80352552692778,-0.234950426128976,-1.21491561689558,-0.931821808486628,-0.471018555956548,-0.925673118634703,-0.889099355495395,-0.564804339674376,-0.983820516498172,-0.479894689509846,-1.12561573708897,-0.64588749961706,-0.540392407176021,-0.972600123836263,-0.91931916515757,-0.550561491035872,-0.110110043100891
"P2329L","TTCATAGTTT",1.40995966244973,-1.81926336097898,-0.535367822752189,2.11177838771935,-1.73164049608792,-1.23269735254258,-2.5511453475052,-1.19481901740958,-0.530486490560758,-1.34289972437539,-0.862881214120528,-1.5727837140056,-1.7038498314895,-0.0562798988751484,-1.39136309539686,0.0901092723493029,-1.40851095196824,-1.50789160309505,-0.372099972498457,-1.89788530966052,-1.49307823564198,-1.04124221291963,-1.4181659126185,-1.49970207846805,-2.5029859901814,-1.4319887970199,-0.984125418913107,-1.85643814773969,-1.88626502023876,-0.835983922516353,-0.179892714435099
"R2336G","CGTACTTGGA",0.58536366875942,0.190452947375553,-0.201328044164726,2.27229178989037,0.395565544943601,0.339796052057913,11.4458671127519,0.129169267569075,0.636299599957448,0.0835561222293703,0.862788184182676,0.180318406358298,0.784842380430391,0.321648342885332,-0.156689657712631,-0.368516436709309,0.277115131087726,0.302394874921005,0.673738765860479,0.273896520716427,-0.122808027340468,0.0233012203523223,0.0926965006943331,-0.0438102579406816,0.405143888719103,0.0739731872006463,-0.364288632305054,0.160516388643205,0.10380307075949,0.280692087851096,0.0931223902785455
"T2337A","CTTTGTGGTC",-0.468957913588799,-0.87375538916579,-0.249928516494523,1.72645352407545,-0.743240864662134,-0.778078114941072,5.73561213236702,-0.394212466851068,1.50188573389371,-0.710381348745714,0.570917816503748,-0.919616153828381,-0.396703279905112,1.08258688840807,-0.31461306865635,0.906115533400173,-0.368578004133872,-0.267640015431046,0.384829245342732,-0.662111548770886,-0.696720264259621,0.211498886597173,-0.474893686949824,-0.764748047949069,-0.905500726261313,-0.660940596510836,-0.628216244120234,-0.942371804224139,-0.705857168929995,-0.181439369833963,-0.0198637105599948
"K2411T","TAGCGTGTGA",-1.09180098952775,-0.69237591814096,-0.140494117978499,-0.832995710693244,-0.770169784354905,-0.545816041806367,0.38931890079264,-0.759762829694704,-0.0108757497033735,-0.62171597526277,-1.3830016852659,-0.599828286349369,-0.393776201740745,0.174520602802002,-0.690031077111709,-0.720284910041438,-0.590179896264914,-0.543119901497085,-0.134962805545333,-0.77679573210537,-0.613332731839305,-0.0523446967841176,-0.659974580465017,-0.30538662898161,-0.465097396134018,-0.363206243633407,-0.52627110308215,-0.843490883217206,-0.868702612467648,-0.369042689282397,-0.0657306759360914
"T2412A","TGCGGTTTTC",1.40093279419921,-0.337918194269033,0.206790415913145,2.77529083021954,-0.249483456821837,0.0174225486642685,7.99707983087998,0.114514942252563,1.58480671844636,-0.221680456789914,2.37727505418497,-0.179261736785158,0.332783818890946,2.09697907636877,-0.06351538826842,0.999128519269712,-0.0596011245645261,0.0942041638011784,0.980395062630751,-0.185364709994376,-0.034631923110666,0.371294397379408,0.146149712457184,-0.125208768423187,-0.17060949432353,-0.0591743831718351,-0.27376642983854,-0.121491854912642,-0.239532425645289,0.282108293971884,0.0934686372282187
"T2412I","GGCAGTGGTA",0.368571740615327,-0.822298829923634,-0.411428348916087,0.218037687924115,-0.516609419532196,-0.249373527694517,10.178001921022,-0.493579379403762,0.653860061275216,-0.215540493262966,-0.844730997136365,-0.404216283021055,-0.0467603402192302,1.81077491654682,-0.43278590681376,0.431728253467319,-0.526241673721563,-0.149302701706516,0.455876372139046,-0.535831001100767,-0.511326780452894,-0.0492019390562107,-0.321372869211972,-0.337881658014234,-0.644892871778412,-0.37656952633785,-0.241838872783873,-0.30313633388834,-0.648884199099825,0.0532864142495499,0.0375241834446998
"R2418G","GGCTTGAATG",-1.79100190489714,-1.03705138577263,-0.982897664597666,-0.392617420603604,-1.03990818270104,-0.657712497297802,0.0625990857987104,-1.11528346812501,-0.54208800161675,-0.894030397110159,-1.44971832195375,-0.71494805678442,-0.438103665067006,-0.161777346966683,-0.968392737808116,-0.449157430933603,-0.533544860985227,-0.907654552878346,-0.783473037649689,-0.674017217297771,-0.867552103811492,-0.52540082680378,-0.645271875794865,-1.71985159601495,-0.77440752462429,-0.82297491542259,-0.873632182950059,-0.771671781541098,-0.900944103925582,-0.93710759619021,-0.204616349671081
"N2436I","AAAAACATTG",-0.811483813009527,-0.638795839945709,-0.109763838888997,-0.967279681465245,-0.550592384841143,-0.400434813541746,-5.56220443048687,-0.316959827775677,-1.04166852111926,-0.425129846659272,-0.679364313589462,-0.630057966142654,0.0707846354118595,-0.0118598340930862,-0.550242425080769,0.243937494652511,-0.398291587217384,-0.317123887156087,0.199313335818103,-0.584469685527229,-0.385725254528246,-0.131264067255282,-0.110262329754555,-0.480580965737073,-0.633004952377184,-0.339958449820495,-0.292956947165855,-0.759159890349092,-0.476937516260876,-0.0152148863004294,0.0207763626183892
"Y2601C","AGCTGAGATT",0.799886329463005,-0.8450658717716,-0.740534566687672,2.75458148604238,-0.869444704170158,-0.916028161462597,10.3595819052171,-0.627496455261964,0.917928442176044,-1.09379928261752,-0.679172219941138,-1.38327004526504,-0.257885434000254,-0.00881144746192171,-0.626677111649112,0.755113378060975,-0.744694307814948,-1.08052328270565,-0.902528142071717,-0.795437508853922,-0.920433964798799,-0.149368121517788,-0.707002406009182,-0.449351612246346,-1.79835967975896,-0.963320580383006,0.261164753587488,-1.17817865554695,-1.10550440311677,-0.471973052571417,-0.0908960270770354
"L2604P","GCACCCGCTG",-2.79650561609655,-2.69905321003855,-3.21894474568787,1.56490985248254,-2.28470917816133,-2.41749020930845,1.10979517383471,-2.24650517978905,-1.61761020834289,-2.5445763490401,-2.79094106856564,-2.48255101568069,-1.63419624576525,-0.220616009956536,-3.28552330827875,-1.82235621445991,-3.00576211926242,-2.16591139783939,-1.95508765874444,-2.16939993917681,-2.14116202169884,-2.32778407036173,-2.3848065132551,-2.21915022396517,-3.56971034379794,-2.65572752416679,-1.48503373610153,-2.81527384575629,-2.42672597383813,-2.39846372397048,-0.56190198359329
"G2609D","TTATAAGGTG",-4.60158865870948,-2.38480299364319,-2.11977293713961,0.303809030315902,-2.18875132460065,-2.29199388614117,-16.1686455989234,-2.08257858881385,-1.92157086046797,-1.73311406276138,-2.13565024749888,-2.7061694533884,-2.09643562106843,-1.55062610417869,-2.10146465834169,-2.50308356562905,-1.84654512528113,-1.71247909582325,-1.52116290087071,-2.18378497552441,-1.13866734073353,-1.83558737960894,-1.70730695813114,-2.61774426055512,-3.03664083992529,-1.93105893619796,-1.84884770885489,-2.86006747353659,-2.27805541288843,-2.06017678394382,-0.479194516523906
"N2622S","AACAGTTTCA",-1.63725367337478,-2.88889950913504,-3.35343732844164,-1.05996634375749,-2.0660478576082,-2.21637065724928,-5.45575061409315,-2.93673049142443,-1.93457085000792,-2.90739311796492,-4.04570976172066,-1.93105375997039,-2.73412200699156,-1.58697163546199,-2.87510184335522,-3.56720225959425,-2.06084142152082,-2.90363473486519,-1.73060583850231,-2.55069899359233,-3.17635680313372,-1.93412059924857,-2.43127007468387,-2.56819110028078,-2.99621808546318,-2.6786741614346,-1.66388917297096,-2.49263822761408,-2.24103921677165,-3.15233587156888,-0.746215501038292
"H2623R","TTTTGTCAGG",-4.27529277666063,-2.99294224295059,-3.59313972154322,-3.74055618028778,-2.19930774561074,-2.67930671117094,-6.50004110845689,-2.24697953280053,-1.98274331788286,-3.20932130795812,-3.65504842691246,-2.90233297780686,-3.62957525235613,-2.67920981525455,-2.94487558028547,-2.84853843024586,-2.88154086296763,-2.28952058761164,-3.1681184556722,-2.61746459818436,-2.27950539258268,-2.67305231763757,-3.30576959161796,-3.27851450350507,-3.37333861162166,-2.64030852034231,-2.4781291679868,-2.58683140866181,-2.51227317181565,-3.21299673818898,-0.761046421286016
"W2626R","GTGCATCTGT",-0.0856169054222168,-2.30955110002923,-1.90893836308727,5.29070318696079,-1.96276745324808,-1.75920234368348,-1.80257888341349,-2.00565779504952,-2.12754440915289,-2.59210573222641,-2.13000918147932,-2.49302169243414,-2.11960939408407,-1.20781365735496,-2.6438167250102,-1.78729391684715,-2.27717374351882,-2.83034421335032,-0.529021643202801,-2.07680906661438,-1.86863723513054,-2.3618233433511,-2.88988039282014,-2.60399039635,-3.61121981170087,-2.66847590349164,-2.43224743597338,-1.88783797850124,-3.17932722980878,-2.90073542679253,-0.684701936549688
"W2626C","TGTTTATTTT",-1.58476409967106,-2.45337215352673,-2.58911562985995,-2.82071491272189,-1.97875450729693,-3.22730740214716,0.149036211307783,-2.55221807021127,-2.54089079363781,-2.53734997757606,-4.34675669407582,-2.84873433558328,-1.86473441089642,1.38630965884295,-3.19904733029299,-3.73687224241258,-2.40137305063056,-2.4120088489632,-1.91364019228889,-2.33232036287631,-2.31195240615582,-2.51680131405107,-2.53244109249531,-2.40335557854864,-3.39398841414852,-2.60166492863189,-1.83714531515513,-2.48437341601577,-2.83456743274745,-2.01195901352203,-0.467405797577188
"I2627V","GCCGGGCTGG",-1.0392161372378,-0.458716546795667,-0.0433562014156415,0.35998814888745,-0.542038678813832,-0.448727014627636,3.37671544210016,-0.14055573994837,0.522365600241123,-0.0907007007842078,0.620392306774137,-0.528007631161014,0.00759802693624275,-0.779985857734367,-0.214767973831101,0.245517014596797,-0.135658624609914,-0.493402723408964,1.20721648801569,-0.171023067524141,-0.636136634408427,0.517748127149202,-0.14335775619975,-0.848014961863854,-0.630406712380078,-0.229787468810622,0.107375697064664,-0.481125627578946,-0.5802603394764,0.0711416522898474,0.0418895943946985
"P2639L","TTTACGTCTT",-0.651627613816891,-1.80672119802372,-0.709136570724698,2.61763808308024,-1.90110002780697,-1.34910250322661,3.58656008737553,-1.13546416696459,-0.106108106836075,-1.48432187415485,-1.6014343664098,-1.40267980792396,-0.902907898563814,0.4769574041479,-1.992503318249,-1.2296488684996,-1.56044065455897,-1.61240319347675,-0.899753194321327,-1.98679879275025,-1.40562814134559,-1.15520086030201,-1.32525878319658,-1.56742864589848,-2.23027432449072,-1.4726276407764,-1.04951667997368,-1.9887003522223,-1.64973222206518,-1.02859677595618,-0.226984456232044
"E2663K","CGCTGGGCCT",-0.403616341484293,-3.07289039674236,-3.13485538753108,-2.18074950619374,-2.13031771127248,-2.32305686087456,4.25829950283254,-2.34521399029529,-0.256726071064678,-3.1170533726539,-2.47983013445552,-2.67338687816635,-3.09338875901561,0.153836853495606,-2.79897429489196,-2.99802417428437,-2.36683207813556,-2.25445128769986,-2.82092151372249,-1.93129675169685,-2.93124631180272,-3.31726805861755,-3.01184095308042,-1.93678963021842,-3.40394946671802,-2.66851919290208,-2.26011006049339,-2.2682318780455,-2.40045417222261,-2.77965289513439,-0.655098578232029
"I2664M","GGTTTTGTTA",1.03048230909596,-1.26943500852911,-0.71853601529309,4.54262754795412,-0.787776888916255,-0.888144768952044,13.9772218722689,-1.0516654724002,0.290339276400392,-0.828612732213054,-1.27635708086761,-0.709357392771502,-0.72254993992213,0.848831542126205,-1.19688119677871,0.0276969722290022,-0.735304498762211,-0.994180904075688,-0.550140214403478,-1.05788510696153,-0.635426206751089,-0.996536922791722,-0.911035740100908,-1.0313705780565,-1.25024277018783,-0.709538137239951,-0.796581741181236,-0.624761910109183,-1.15791443080911,-1.09665479775136,-0.243623900237743
"M2676T","CCTCTCTTAG",0.829558406526846,-0.668069820275945,0.262582021177913,1.56233044831048,-0.654346261717708,-0.217852074589185,6.09259964754615,-0.396322043155335,0.753146738482935,-0.611685140768966,0.727416117205588,-0.606689055562103,0.0841463126445178,0.842014734675741,-0.367962230122597,0.0228645447573322,-0.383197276365785,-0.369588330280295,-0.307348746988345,-0.610198555674228,-0.405636159720141,-0.580256818723675,-0.549565738333733,-0.335351849769276,-0.531642549875711,-0.377293031319798,-0.116037577532715,-0.495495656183889,-0.517797881659401,-0.241978821737922,-0.034664946233919
"L2688P","TGAAGGCGGC",-3.36534818563921,-3.14886377444991,-1.98259952885386,0.0254863908136338,-1.91749058816391,-2.49218591342769,7.6373926619485,-2.42556755520093,-0.829901025069282,-2.18115152120602,-3.65967477432367,-2.54495164199935,-2.8384574495707,1.00907987296346,-2.66414966159182,-3.37314049201145,-2.9417101747027,-3.06905531939663,-3.58931703128841,-2.49668307909564,-2.16377937067206,-2.53240009851877,-2.70890363178944,-3.09597250732442,-3.75500483682778,-2.32225591552099,-1.99956960955154,-2.37870479777546,-3.07140670832859,-3.80855749006143,-0.906654529211869
"S2697N","CGCTCCCGGC",3.8141051052097,-0.0411086236861494,1.39602764431712,-0.0473602070939583,0.0451455118318613,0.193450358620558,13.2248537855328,0.589599223257644,0.528302928771562,0.107276327252766,1.49121974890284,-0.0293283517537774,0.444510475125,1.06719597157996,0.24244738475857,0.49055154579394,0.0322401256640335,0.142354033870808,0.589208261422806,-0.12445862160215,0.019669025956875,0.600956061481056,0.262937126846252,-0.0153368505492148,0.293473264260507,0.312975236572182,0.204476751336562,0.185769542671018,-0.124277868488819,0.934286013302341,0.252918976164327
"A2717S","GTCTTGATTT",-0.114556456064458,-0.242078259240652,-0.581570753347879,0.483956026411824,-0.449595828675757,-0.273316699896884,2.96949632229795,-0.539101887441977,0.393193083662015,-0.387831240722463,-0.520121660092644,-0.445183917672866,-0.156189908607351,1.75904532499092,-0.347081676920401,-0.143884769693077,-0.0157647942510358,-0.426510172886237,-0.0381837707340482,-0.00291726957147565,-0.486677633068847,-0.0708306698180636,-0.241586588523824,-0.53952056904885,-0.0727774765656626,-0.108112939650473,-0.616989798407281,-0.186520477907716,-0.360797351556567,-0.462730887918553,-0.088636418625653
"L2721H","GTTTCAGATG",-2.4759996432731,-3.17923097018574,-3.30452508641,-1.87437120274814,-2.12409711441885,-2.74321045938236,-10.8333495473476,-2.38307996905926,-2.28603698487467,-2.91432285920544,-4.99340743022135,-3.23047338935723,-2.8193934006548,-1.66372232605143,-2.77826909227436,-3.98976527492187,-3.1003011538502,-3.32274964203398,-3.63243724880394,-2.29433214654816,-3.17875006723191,-2.65232145486446,-3.30267498791262,-3.47124138628416,-3.86515735170175,-3.19725082216729,-2.48731219303381,-2.32928661148222,-2.77176061546925,-3.15937426200474,-0.747936310730647
"T2722R","TGACTGGCCT",0.925671457452399,-2.47406358834132,-1.89061133473274,-0.308623028052911,-2.21001425774116,-1.89864024342628,15.931488772654,-1.72066950201642,-0.855834304402891,-2.17679777975351,-0.143104699974546,-2.23285183964466,-1.35365710544544,-0.0648537459310857,-2.34620009246098,-1.92437820519948,-2.28251145555211,-2.37347703879052,-1.45101841778802,-2.68827172226702,-2.60823592273025,-1.30709802590155,-2.22022390544358,-1.67963979951171,-3.17305589368552,-2.45733972027546,-1.10337508620812,-2.67799082889273,-2.75446780347621,-1.73032611176187,-0.398549624926396
"T2722K","GTTAGTTGTA",-2.79961417850168,-3.31526134378912,-2.37727456664505,-0.341115646281785,-2.39680120224777,-2.48589308951682,-1.79879628048301,-2.45239382304043,-1.62481224531272,-2.63678775407903,-3.04018612862095,-2.9039379132241,-2.66349489441393,-1.81400990655181,-2.965965564011,-2.41067479609374,-2.51722537390884,-2.62346291579691,-2.75635208618781,-2.40099098660887,-2.3225430470302,-2.30318670398194,-2.77406657241905,-2.6679116868298,-3.9626910206089,-2.72580679056606,-2.2167484046677,-2.83573569566394,-3.39842315283465,-2.59501147516405,-0.609955764972264
"D2723H","GGCTTTTCTT",-2.52287874528034,-2.52287874528034,-2.52287874528034,-2.52287874528034,-2.52287874528034,-2.52287874528034,-2.52287874528034,-2.52287874528034,-2.52287874528034,-2.52287874528034,-2.52287874528034,-2.52287874528034,-2.52287874528034,-2.52287874528034,-2.52287874528034,-2.52287874528034,-2.52287874528034,-2.52287874528034,-2.52287874528034,-2.52287874528034,-2.52287874528034,-2.52287874528034,-2.52287874528034,-2.52287874528034,-2.52287874528034,-2.52287874528034,-2.52287874528034,-2.52287874528034,-2.52287874528034,-2.52287874528034,-0.592320099282623
"D2723E","GACTGTCGCG",-0.410415158522505,-2.48553549999141,-2.19157385816484,-3.57518349370804,-2.40931097241491,-1.46249381472559,0.698578889995193,-1.32623834985358,-0.345159471670885,-2.02098052128066,-2.39902296584632,-2.21725472099716,-2.16901937159646,0.152550756528544,-1.10536356066847,-2.1957106382638,-1.80354225464411,-1.06285464182873,-1.21992871104618,-2.25709821136793,-1.71450992806633,-1.31455289414307,-1.59974958877334,-1.62270630396688,-2.87320795235984,-1.7728895174179,-1.37725704701828,-2.57331825592921,-2.11573684636896,-2.11176804824217,-0.491808017928032
"G2724W","GCTTCCCATG",-5.05116210089705,-3.0681910479559,-2.41575021647329,1.19678772637419,-2.18058613574707,-2.48656899810284,6.19346692763442,-2.10949878122068,-1.17066353826958,-2.40519209252464,-3.22863535794046,-2.94529739144216,-2.50177519282531,-0.830965382305867,-3.33732860134562,-2.7628789386955,-2.869975836834,-2.99168823223365,-2.67090524391606,-2.7278433900305,-2.71329925933659,-2.72202148262261,-2.64325545725306,-2.68902260855217,-3.87815601686332,-2.64784698231323,-2.47649748713738,-2.70941007621154,-2.90202519409398,-3.08425521735683,-0.729570523653526
"K2729N","GCTTGCGGGC",-2.94783682244554,-0.0814168902213049,-0.0942495135864466,0.62371433271726,0.216881092333927,0.315215767485558,-7.61105108413933,-0.127284820080353,-1.38185555699133,-0.321613503284641,-0.358805283499426,0.107224862875907,0.869006763200844,-0.862275297361482,0.16485310904032,0.775754702816892,0.301576266741927,0.13939836167224,0.134257367807074,0.149625587893066,-0.137652723473677,0.627794095748668,-0.0929996960419319,-0.641310939445422,0.249128446429869,0.224324331961067,-0.662920018691609,0.0778586388064206,0.0501642085807442,0.25947431296596,0.0879348757458835
"V2747I","TCGCGTTCGG",-0.276287292549616,-0.670364921116357,0.107748002964077,0.535542968822089,-0.605274997664064,-0.38589283550091,4.72812153838186,-0.23649300538746,0.343738879399733,-0.246124403713601,-0.304362526403947,-0.60012408626085,0.437535669589383,0.901275496896398,-0.389000971631024,0.869034852810058,-0.357251909123584,-0.312285528456838,0.183649549516401,-0.557308622007538,-0.460662054467961,0.0557608831221056,-0.201422732265439,0.152428140680911,-0.529967102222358,-0.225863497034654,-0.425315120084186,-0.471284721770289,-0.562612382706891,-0.139810783994548,-0.00968597537403978
"G2748D","TCCATCGTTT",-0.687650798486885,-3.29464719968603,-2.29066187124428,-0.212281747879387,-2.18568052542722,-2.20128225111661,-2.89699107332377,-2.16637942334939,-0.504269186481192,-2.72102525125512,-2.1749157905369,-2.51993519921703,-2.10690814897919,-0.211262663806765,-2.41720994614863,-2.51050311468255,-2.0492706336471,-2.53336122605257,-3.0532051588482,-2.40005962964265,-3.19626955742025,-2.67284657131555,-2.46423747711207,-2.75425723379092,-3.82250621342909,-3.34917419706865,-1.03532495873619,-2.54900033189695,-3.2328942620029,-2.1384058118886,-0.498320660595865
"R2842H","GGTCTTGGAC",-5.91618175298124,-2.18099800455008,-3.41851232387523,-1.53180760445596,-2.20922138511466,-2.04587412358795,-25.6532059032919,-2.15002545954108,-2.3659751341644,-2.48485637121492,-1.11393427977308,-1.40846505804831,-2.71185882649508,-1.63451868863807,-2.65868497653334,-4.23393091898948,-1.38897969012042,-1.8201603996497,-1.64865281662448,-2.53679872797549,-1.65060376657709,-1.4673843053566,-1.71633138784786,-2.18908991166192,-3.03894363258652,-1.59545653038455,-1.68876070237385,-2.14188551315488,-1.82723794210741,-2.15860015555041,-0.503257957357205
"R2896C","ATTTTTTTCT",2.54367327340671,0.390496688730566,1.31602816010851,1.97236244580024,0.453055758174127,0.394928995203428,11.0170218103852,0.52111757084886,0.72213144799042,0.375181964639013,2.49209230759829,0.136592489949792,0.644147092597798,1.77549791642595,0.369126797418139,0.439369764265412,0.397144119131533,0.374598884967537,0.751551251844767,0.340688396623217,0.231497653521489,0.85016646256352,0.555305166360096,0.259731984294032,0.5472417554567,0.635460533949666,-0.0757916235802171,0.31649127895023,0.199363368852591,0.285700520372533,0.0943468974020051
"V2908G","CCGTGTCAGG",-0.997967288829537,-1.52802182977847,-0.615713014997255,3.14648973302322,-2.07961078160716,-1.08757115643526,8.32654649736415,-1.29951989580737,0.18327764161862,-1.1946604122401,-0.581209851652301,-1.51829279355646,-0.859295934022961,1.21727506787365,-1.304614351199,-0.445111454472488,-1.59305869886255,-1.2250792709611,-0.586080085496399,-2.30701099501289,-1.76153594461096,-1.28587782540965,-1.34883741353066,-1.27434004694731,-2.32328764905698,-1.64539362003409,-1.47130824702468,-2.18047801262127,-1.61428016528914,-1.04757555390026,-0.231624560433833
"A2911E","CCATCGCAGC",4.53560934005698,0.276827029470199,2.7025459222728,5.04893152058361,0.078681190612157,0.684539205853728,32.1592913672158,0.283555069391852,2.60122393550702,0.411885643095635,3.79337313630741,0.0822748427069394,1.63982887855994,2.44123961600273,0.870214884309685,3.69085218145164,0.356038196162331,0.713378947127542,1.73539540153873,0.107112369823293,0.0773247670540081,1.4641045851289,0.9573100570438,1.26025935296433,0.278233120807702,0.568927779602887,0.510397685207476,0.0277294682992407,0.0278078169350805,1.29606276507105,0.341369445996303
"A2911V","TCCTGGGTTG",-1.32684370446277,-0.939753327179773,-0.24297843966349,0.190689646269073,-0.811994716446021,-0.471622454504402,-6.51553357564123,-0.813110185475196,-0.812337052861019,-0.782400802368271,0.374656063004015,-0.769750635007618,0.0815222808972368,0.377909529072525,-0.750543149062857,-1.09504722462704,-0.665192975531396,-0.478866555364102,-0.0891455668934307,-0.497539929138003,-0.635747525907888,-0.617793857463167,-0.68010249295468,-1.17738759596143,-1.10274379643739,-0.500664761533166,-0.826584009823326,-0.656038584723503,-0.804853518952308,-0.563250425634123,-0.113212349209272
"D2913H","TTTGTGGCTG",-3.60258375777076,-1.74710693802286,-2.28877948230853,-0.158321340615118,-1.53974446695207,-2.04434978464865,-2.37582622496369,-1.63380846703406,-1.18243538181604,-1.61696475794536,-1.74784776550911,-1.23125872708361,-0.921230870067619,-1.53917486832902,-2.0080643934955,-1.00602535187258,-1.66245502706706,-1.65065228065478,-1.72804954506002,-1.65531603567602,-1.37767454690245,-1.3358805976182,-1.55319864820204,-2.17579468384218,-2.31365434941709,-1.37136855827793,-1.42963297709303,-1.43884556381604,-1.59439472440393,-1.30917449266084,-0.295582647645894
"I2944F","AACTCTACCT",-0.183968417427112,-0.723389793683938,-0.467599730285882,0.377390949349436,-0.723667508041203,-0.420038330508705,1.22782217120765,-0.530331662054917,-0.599142686960293,-0.353772097376588,0.740681761129451,-0.663109662389843,-0.192696439348191,0.443651220323833,-0.522006795786232,-0.0028696003555156,-0.425725544198841,-0.358399082015066,-0.0952710767038178,-0.582472927760818,-0.467673463216625,0.104345888230918,-0.309483124951341,-0.665124869755199,-0.619801464985861,-0.234078810229586,-0.413745016586416,-0.701353630546304,-0.457169551390495,0.0618765645473173,0.0396243814979196
"I3044V","CTGCTGTGGC",0.926167508246417,-0.150775030766382,-0.0578248454759782,0.817187716891715,-0.181565373885166,0.221934867012753,6.58010646049128,-0.0807830170476543,0.181533955519229,-0.0624446120089126,1.89267662054254,-0.311645511815084,0.353288100272899,0.801122583117868,0.021293984958915,0.795128891306738,-0.081034788151891,-0.00204080239550829,0.993441348856874,-0.198311218782855,-0.315112867088206,0.407325210163971,0.422334876059747,-0.447919514673789,-0.199512958115638,0.0687827575388984,-0.030286355989165,-0.171736186144465,-0.126466472604905,0.355806358706229,0.111487010215402
"R3052W","TCTGTTGACC",-5.59608529189726,-3.29245413407873,-3.31458340122761,0.54177471500322,-2.41901059680728,-3.02408661418552,4.40635969551247,-2.98101311103751,-3.13292744064682,-3.76550207578928,-3.96334287848121,-2.43790585088148,-3.14290523383982,-0.690369152490729,-2.85221909566504,-3.36749380109468,-2.98758793880088,-3.27754184087769,-3.07923558091627,-2.35607817168483,-2.27386841743819,-2.33218894559464,-3.190359442958,-2.78165567166594,-3.6630823677598,-2.76346357617309,-2.681513531887,-2.38819565143786,-2.8159431399232,-2.89009718033123,-0.682101001323503
"P3054S","TTGTTCTGGT",-0.472542016476203,-0.919092610024783,-0.655196162413111,-2.03619396828255,-0.743664608828283,-0.538472460013912,-1.06699596462069,-0.631421736129035,-0.38127541062543,-0.757179721975805,-1.73477430989991,-1.05568689685529,-0.318665419942056,0.0559468874829359,-0.583092084947704,-1.57243208133799,-0.670406166246372,-0.620839853383691,-0.337187260832011,-0.903793222091986,-0.731297913288818,-0.282131489365731,-0.491728904152119,-0.803956738002323,-1.20196738479549,-0.527525684436297,-0.471953359205109,-0.945461763529437,-0.927410680700843,-0.657185545140694,-0.136178461358432
"D3095E","GGACATCATT",-3.7570423332424,-3.14253450610648,-3.43433363595298,-2.65136487455516,-2.32826800695678,-2.66949534052218,-7.64342932974936,-2.8129453503238,-1.807059656714,-3.34135343750476,-2.17661292622662,-3.23388632845309,-3.11119204476553,-2.52635256715812,-3.30235533483349,-4.06295114884591,-2.43441847535303,-3.21115776236226,-3.27658272274455,-2.72000469334097,-2.73636764123361,-2.35320861217681,-3.07425354771652,-2.78416346055718,-4.01692302452607,-2.86704500863052,-1.30379562424939,-2.54894919087605,-2.41314656672335,-3.05126182689581,-0.721503999551688
"E3096K","AGGCGTTTCC",0.297202061082761,-0.184929135776356,-0.490786465955139,1.03205043488096,-0.0376435195156797,0.112907865270539,-0.470062003339715,-0.37632294494252,-0.209647633174266,0.0632830925411635,0.973090895981244,-0.0371800884126824,-0.0888519378421478,1.50404714253951,-0.188863534287748,1.05278313852858,0.32471425875071,0.192151884860362,0.266973943316757,0.257612758145773,0.111726528344724,0.721963833286127,0.0369992967860835,-0.389202663493057,0.477903518498439,0.345017776422563,-0.132842750331407,0.101881958838113,-0.109839836212752,-0.01948512334873,0.0197323362364575
"Y3098H","ACTTAGTCAT",3.02329420145726,0.294256029438753,0.698262462427198,2.26559755506001,0.34629813388368,0.42185006912398,1.03844680907442,0.0993390924437426,0.255586444730363,0.214233702369365,3.19244057416937,0.231925686278926,-0.0621893672377795,1.0321800812062,0.07293505746679,-0.11471381900473,0.471214265326035,0.110259120423453,0.761993954276562,0.32521872113391,0.0246410391594081,0.620040636965905,0.174354263185297,-0.260870332222305,0.44874573753469,0.213686139180278,0.469958272035979,0.1644312283979,0.0451392023979923,0.755262904181512,0.209149778627162
"N3124I","TTTTCTTTAT",-1.40591860212154,-2.51811485090967,-2.30800440391759,-0.578202629624583,-2.25681383767288,-2.67994838002173,15.4192033984142,-1.55815755464839,-0.202213094593875,-1.88418728786474,-3.14251377413172,-2.52932119606615,-1.77878399979183,-1.50507222838181,-2.13795612720892,-1.92099176314209,-2.74012119520835,-1.34871943053898,-0.74847188772941,-2.15834235270064,-2.06810737015651,-2.12405976113856,-2.18636127955729,-2.17550759651691,-3.45611674683709,-2.00223599722772,-2.79092393934425,-2.67381727836188,-2.29398092693171,-2.51558107527323,-0.590535898563114
"I3183V","CTTTTTTACT",-0.445779344596625,0.310049928013904,0.632016873392917,2.15404968804616,0.366142928262823,0.213277520414029,10.0554457154151,0.00876134132064236,1.20636503249508,-0.0899885125063578,-0.0356376551168334,-0.170836502952979,0.160886761148009,1.85817684140747,-0.0161943590251686,0.820668236188673,0.398373635024703,0.473815288214639,1.16899910442836,0.373921347251504,0.157213343713131,0.971923026274312,0.286631718023363,0.125744817059665,0.147162525406166,0.263026548030465,-0.182034382141554,0.161119610660999,0.110603712036673,0.693535542666561,0.194058112010132
"N3187K","CATTGTGTTT",1.21316336551925,-0.607585333808792,-0.389448413950724,-1.37116154070953,-0.352488002049384,-0.353182954779879,-3.21908153219663,-0.580863023487005,-1.1035327988298,-0.488914200791084,-0.524619228433795,-0.534822362310596,-0.192277219099624,0.872024041886097,-0.577335448415482,-0.354287576554767,-0.455329891551658,-0.466826333597022,0.380132593007354,-0.853155795357333,-0.584579131938229,-0.21081422192122,-0.348721362325969,-0.822712537371972,-0.433947224996006,-0.216980658772601,-0.647044264991303,-0.477345096826336,-0.437817971229189,-0.507470953958377,-0.0995748767830362
"S3291C","TCTTGTTGGG",2.65994812350735,-1.37736087738303,-0.266992434709604,4.39813888225091,-1.08459028572401,-0.891756981374957,21.3105906898782,-0.561413687333301,-0.931164762789762,-0.80464514040998,2.60553166669666,-1.64903676442989,0.212464805186922,1.79624348573379,-1.15460007715262,0.557268506103927,-1.42954206870901,-1.01503126289529,-0.223418918069433,-1.72778801863977,-0.958179821997998,-0.457881296077509,-0.871682404491039,-0.818976181441547,-1.69179600333349,-1.0709049013667,-0.540855595831849,-1.49894167147621,-1.48748681606927,-0.576185261406329,-0.11637477547259
"P3292L","GCTGGTCCTC",0.570656387943063,-0.438376981921075,0.429215209060826,0.541297381017426,-0.444999804183466,-0.0530903860905862,3.36673857142215,-0.573184283278369,0.979970426348828,-0.29906882960854,0.527618017593658,-0.49895733116851,-0.107970838925864,1.64382073108111,-0.147042458711684,1.29796309340569,-0.321935028414247,-0.234464637234728,-0.0469554864423546,-0.351397814356704,-0.389878322088246,0.0653594373452259,-0.0360496583721411,-0.387058566035993,-0.49621189503228,-0.277333605945803,-0.140863280813903,-0.420354788020082,-0.442031921450016,-0.195228889739075,-0.0232350977715875
"S3319F","AGGTGGTCAG",2.31188146874731,-0.273587136285215,0.972896516626405,0.0801774585521734,-0.251417408711154,0.0211700590600109,13.6346715042446,-0.192774397525509,1.15814612800288,-0.0282424570376072,0.666310117049336,-0.182573745120608,0.723580660946367,2.78629578674427,0.0797031478583946,1.20982727450776,-0.158150158035368,-0.0659267177637761,0.737356111854628,-0.443098713918236,-0.219110117556685,0.428770506467401,0.155713297220555,0.227706092363531,-0.267798328481689,0.152134387854202,-0.7490503610985,-0.244716745897675,-0.34629816506123,-0.0631126904771235,0.00906587192865841
"R3385H","ATCATGCCGT",1.99389130905656,-0.250355858491602,0.350990958078127,2.66242794361762,-0.404710788189525,0.139484231384736,11.5799451287278,0.201216344634264,0.666860649832233,-0.118848481568334,1.49624244853602,-0.320406119547179,0.592941549645053,0.801919356277378,-0.0430028553686985,0.795797933385297,-0.16667327812346,0.180954406868052,0.804421215985418,-0.33188704907228,-0.243135758692777,0.30123753509688,0.0694228663220543,-0.00294312194774317,-0.111473624257692,-0.0000910627688774044,0.0101624991610493,-0.402189198247476,-0.326231486772475,0.191341415365707,0.0712771254225324
"T3387A","CGCACAGCCT",2.00539907398636,-0.1968267984907,0.896223271933861,4.4654374729263,-0.290024260659436,0.184269961041119,9.61613595537046,0.105947892326049,0.700388396134829,0.0304923848893397,1.6289435275448,-0.250722021215293,0.472046215625187,1.25928310171639,0.258098938538123,1.81392066486314,0.207280424603032,0.217830200618627,0.553628416482083,0.0185063520191736,0.10491781147823,0.629558123254339,0.473899831991818,0.196450049238695,0.0615868855740265,0.373007982548875,0.353699580040668,-0.13862642100504,-0.290544019137187,0.635430103111576,0.179851965807245
