Name,Barcode,drug-1_S1_L001_R1_001.fastq.gz,drug-1_S1_L001_R2_001.fastq.gz,drug-2_S2_L001_R1_001.fastq.gz,drug-2_S2_L001_R2_001.fastq.gz,drug-3_S3_L001_R1_001.fastq.gz,drug-3_S3_L001_R2_001.fastq.gz,carb1-100n_S78_L001_R1_001.fastq.gz,carb1-100n_S78_L001_R2_001.fastq.gz,carb2-100n_S85_L001_R1_001.fastq.gz,carb2-100n_S85_L001_R2_001.fastq.gz,carb3-100n_S92_L001_R1_001.fastq.gz,carb3-100n_S92_L001_R2_001.fastq.gz,carb1-1u_S81_L001_R1_001.fastq.gz,carb1-1u_S81_L001_R2_001.fastq.gz,carb2-1u_S88_L001_R1_001.fastq.gz,carb2-1u_S88_L001_R2_001.fastq.gz,carb3-1u_S95_L001_R1_001.fastq.gz,carb3-1u_S95_L001_R2_001.fastq.gz,carb1-200n_S79_L001_R1_001.fastq.gz,carb1-200n_S79_L001_R2_001.fastq.gz,carb2-200n_S86_L001_R1_001.fastq.gz,carb2-200n_S86_L001_R2_001.fastq.gz,carb3-200n_S93_L001_R1_001.fastq.gz,carb3-200n_S93_L001_R2_001.fastq.gz,carb1-20n_S76_L001_R1_001.fastq.gz,carb1-20n_S76_L001_R2_001.fastq.gz,carb2-20n_S83_L001_R1_001.fastq.gz,carb2-20n_S83_L001_R2_001.fastq.gz,carb3-20n_S90_L001_R1_001.fastq.gz,carb3-20n_S90_L001_R2_001.fastq.gz,carb1-2u_S82_L001_R1_001.fastq.gz,carb1-2u_S82_L001_R2_001.fastq.gz,carb2-2u_S89_L001_R1_001.fastq.gz,carb2-2u_S89_L001_R2_001.fastq.gz,carb3-2u_S96_L001_R1_001.fastq.gz,carb3-2u_S96_L001_R2_001.fastq.gz,carb1-500n_S80_L001_R1_001.fastq.gz,carb1-500n_S80_L001_R2_001.fastq.gz,carb2-500n_S87_L001_R1_001.fastq.gz,carb2-500n_S87_L001_R2_001.fastq.gz,carb3-500n_S94_L001_R1_001.fastq.gz,carb3-500n_S94_L001_R2_001.fastq.gz,carb1-50n_S77_L001_R1_001.fastq.gz,carb1-50n_S77_L001_R2_001.fastq.gz,carb2-50n_S84_L001_R1_001.fastq.gz,carb2-50n_S84_L001_R2_001.fastq.gz,carb3-50n_S91_L001_R1_001.fastq.gz,carb3-50n_S91_L001_R2_001.fastq.gz,nira1-100n_S32_L001_R1_001.fastq.gz,nira1-100n_S32_L001_R2_001.fastq.gz,nira2-100n_S39_L001_R1_001.fastq.gz,nira2-100n_S39_L001_R2_001.fastq.gz,nira3-100n_S46_L001_R1_001.fastq.gz,nira3-100n_S46_L001_R2_001.fastq.gz,nira1-10n_S29_L001_R1_001.fastq.gz,nira1-10n_S29_L001_R2_001.fastq.gz,nira2-10n_S36_L001_R1_001.fastq.gz,nira2-10n_S36_L001_R2_001.fastq.gz,nira3-10n_S43_L001_R1_001.fastq.gz,nira3-10n_S43_L001_R2_001.fastq.gz,nira1-200n_S33_L001_R1_001.fastq.gz,nira1-200n_S33_L001_R2_001.fastq.gz,nira2-200n_S40_L001_R1_001.fastq.gz,nira2-200n_S40_L001_R2_001.fastq.gz,nira3-200n_S47_L001_R1_001.fastq.gz,nira3-200n_S47_L001_R2_001.fastq.gz,nira1-20n_S30_L001_R1_001.fastq.gz,nira1-20n_S30_L001_R2_001.fastq.gz,nira2-20n_S37_L001_R1_001.fastq.gz,nira2-20n_S37_L001_R2_001.fastq.gz,nira3-20n_S44_L001_R1_001.fastq.gz,nira3-20n_S44_L001_R2_001.fastq.gz,nira1-500n_S34_L001_R1_001.fastq.gz,nira1-500n_S34_L001_R2_001.fastq.gz,nira2-500n_S41_L001_R1_001.fastq.gz,nira2-500n_S41_L001_R2_001.fastq.gz,nira3-500n_S48_L001_R1_001.fastq.gz,nira3-500n_S48_L001_R2_001.fastq.gz,nira1-50n_S31_L001_R1_001.fastq.gz,nira1-50n_S31_L001_R2_001.fastq.gz,nira2-50n_S38_L001_R1_001.fastq.gz,nira2-50n_S38_L001_R2_001.fastq.gz,nira3-50n_S45_L001_R1_001.fastq.gz,nira3-50n_S45_L001_R2_001.fastq.gz,nira1-5n_S28_L001_R1_001.fastq.gz,nira1-5n_S28_L001_R2_001.fastq.gz,nira2-5n_S35_L001_R1_001.fastq.gz,nira2-5n_S35_L001_R2_001.fastq.gz,nira3-5n_S42_L001_R1_001.fastq.gz,nira3-5n_S42_L001_R2_001.fastq.gz,olap1-100n_S7_L001_R1_001.fastq.gz,olap1-100n_S7_L001_R2_001.fastq.gz,olap2-100n_S15_L001_R1_001.fastq.gz,olap2-100n_S15_L001_R2_001.fastq.gz,olap3-100n_S23_L001_R1_001.fastq.gz,olap3-100n_S23_L001_R2_001.fastq.gz,olap1-10n_S4_L001_R1_001.fastq.gz,olap1-10n_S4_L001_R2_001.fastq.gz,olap2-10n_S12_L001_R1_001.fastq.gz,olap2-10n_S12_L001_R2_001.fastq.gz,olap3-10n_S20_L001_R1_001.fastq.gz,olap3-10n_S20_L001_R2_001.fastq.gz,olap1-1u_S10_L001_R1_001.fastq.gz,olap1-1u_S10_L001_R2_001.fastq.gz,olap2-1u_S18_L001_R1_001.fastq.gz,olap2-1u_S18_L001_R2_001.fastq.gz,olap3-1u_S26_L001_R1_001.fastq.gz,olap3-1u_S26_L001_R2_001.fastq.gz,olap1-200n_S8_L001_R1_001.fastq.gz,olap1-200n_S8_L001_R2_001.fastq.gz,olap2-200n_S16_L001_R1_001.fastq.gz,olap2-200n_S16_L001_R2_001.fastq.gz,olap3-200n_S24_L001_R1_001.fastq.gz,olap3-200n_S24_L001_R2_001.fastq.gz,olap1-20n_S5_L001_R1_001.fastq.gz,olap1-20n_S5_L001_R2_001.fastq.gz,olap2-20n_S13_L001_R1_001.fastq.gz,olap2-20n_S13_L001_R2_001.fastq.gz,olap3-20n_S21_L001_R1_001.fastq.gz,olap3-20n_S21_L001_R2_001.fastq.gz,olap1-2u_S11_L001_R1_001.fastq.gz,olap1-2u_S11_L001_R2_001.fastq.gz,olap2-2u_S19_L001_R1_001.fastq.gz,olap2-2u_S19_L001_R2_001.fastq.gz,olap3-2u_S27_L001_R1_001.fastq.gz,olap3-2u_S27_L001_R2_001.fastq.gz,olap1-500n_S9_L001_R1_001.fastq.gz,olap1-500n_S9_L001_R2_001.fastq.gz,olap2-500n_S17_L001_R1_001.fastq.gz,olap2-500n_S17_L001_R2_001.fastq.gz,olap3-500n_S25_L001_R1_001.fastq.gz,olap3-500n_S25_L001_R2_001.fastq.gz,olap1-50n_S6_L001_R1_001.fastq.gz,olap1-50n_S6_L001_R2_001.fastq.gz,olap2-50n_S14_L001_R1_001.fastq.gz,olap2-50n_S14_L001_R2_001.fastq.gz,olap3-50n_S22_L001_R1_001.fastq.gz,olap3-50n_S22_L001_R2_001.fastq.gz,ruca1-100n_S53_L001_R1_001.fastq.gz,ruca1-100n_S53_L001_R2_001.fastq.gz,ruca2-100n_S62_L001_R1_001.fastq.gz,ruca2-100n_S62_L001_R2_001.fastq.gz,ruca3-100n_S71_L001_R1_001.fastq.gz,ruca3-100n_S71_L001_R2_001.fastq.gz,ruca1-10n_S50_L001_R1_001.fastq.gz,ruca1-10n_S50_L001_R2_001.fastq.gz,ruca2-10n_S59_L001_R1_001.fastq.gz,ruca2-10n_S59_L001_R2_001.fastq.gz,ruca3-10n_S68_L001_R1_001.fastq.gz,ruca3-10n_S68_L001_R2_001.fastq.gz,ruca1-1u_S56_L001_R1_001.fastq.gz,ruca1-1u_S56_L001_R2_001.fastq.gz,ruca2-1u_S65_L001_R1_001.fastq.gz,ruca2-1u_S65_L001_R2_001.fastq.gz,ruca3-1u_S74_L001_R1_001.fastq.gz,ruca3-1u_S74_L001_R2_001.fastq.gz,ruca1-200n_S54_L001_R1_001.fastq.gz,ruca1-200n_S54_L001_R2_001.fastq.gz,ruca2-200n_S63_L001_R1_001.fastq.gz,ruca2-200n_S63_L001_R2_001.fastq.gz,ruca3-200n_S72_L001_R1_001.fastq.gz,ruca3-200n_S72_L001_R2_001.fastq.gz,ruca1-20n_S51_L001_R1_001.fastq.gz,ruca1-20n_S51_L001_R2_001.fastq.gz,ruca2-20n_S60_L001_R1_001.fastq.gz,ruca2-20n_S60_L001_R2_001.fastq.gz,ruca3-20n_S69_L001_R1_001.fastq.gz,ruca3-20n_S69_L001_R2_001.fastq.gz,ruca1-2u_S57_L001_R1_001.fastq.gz,ruca1-2u_S57_L001_R2_001.fastq.gz,ruca2-2u_S66_L001_R1_001.fastq.gz,ruca2-2u_S66_L001_R2_001.fastq.gz,ruca3-2u_S75_L001_R1_001.fastq.gz,ruca3-2u_S75_L001_R2_001.fastq.gz,ruca1-500n_S55_L001_R1_001.fastq.gz,ruca1-500n_S55_L001_R2_001.fastq.gz,ruca2-500n_S64_L001_R1_001.fastq.gz,ruca2-500n_S64_L001_R2_001.fastq.gz,ruca3-500n_S73_L001_R1_001.fastq.gz,ruca3-500n_S73_L001_R2_001.fastq.gz,ruca1-50n_S52_L001_R1_001.fastq.gz,ruca1-50n_S52_L001_R2_001.fastq.gz,ruca2-50n_S61_L001_R1_001.fastq.gz,ruca2-50n_S61_L001_R2_001.fastq.gz,ruca3-50n_S70_L001_R1_001.fastq.gz,ruca3-50n_S70_L001_R2_001.fastq.gz,ruca1-5n_S49_L001_R1_001.fastq.gz,ruca1-5n_S49_L001_R2_001.fastq.gz,ruca2-5n_S58_L001_R1_001.fastq.gz,ruca2-5n_S58_L001_R2_001.fastq.gz,ruca3-5n_S67_L001_R1_001.fastq.gz,ruca3-5n_S67_L001_R2_001.fastq.gz
Wild-type,TCGTTTGTCT,1211,1108,1426,1319,922,879,1291,1095,1063,970,991,868,2868,2558,1920,1747,1468,1317,1292,1058,1644,1520,808,714,1021,872,1173,1099,1067,970,2297,2069,1764,1595,1565,1394,2018,1724,1226,1133,1000,936,1156,945,1112,1018,825,767,1575,1461,1726,1616,2135,2030,948,877,1082,1016,1327,1278,2078,1947,1674,1591,1473,1357,1207,1138,1097,1040,1423,1312,2538,2375,1531,1397,4049,3806,1066,1000,1298,1247,1508,1383,1197,1093,912,877,1651,1479,1545,1418,1547,1353,1722,1575,1473,1381,953,806,1137,1047,1984,1696,1690,1552,1915,1793,1860,1728,1459,1226,1759,1656,1055,975,1031,876,1439,1308,1566,1385,1950,1858,2006,1938,2514,2149,2058,1897,2397,2201,1112,1060,1206,1061,1262,1175,1629,1463,1630,1555,1796,1610,1580,1435,1735,1630,1382,1253,2249,2122,1899,1684,2017,1686,1815,1698,1384,1253,2360,2104,1595,1501,1400,1317,1551,1367,2730,2472,2596,2323,1589,1377,2411,2228,2735,2501,2612,2193,1396,1325,1138,1040,1716,1550,1640,1535,1492,1379,1266,1186
Empty-vector,GTGTGGTGGG,785,676,768,649,782,676,652,510,541,435,650,545,20,14,15,16,9,9,488,365,707,592,332,264,536,420,756,655,728,630,4,3,6,7,1,0,144,108,195,166,143,123,690,524,645,546,498,441,251,228,275,224,361,303,816,714,523,473,405,350,98,89,104,87,147,117,465,423,509,429,755,637,9,6,13,10,7,6,375,323,351,323,353,301,869,746,687,607,989,847,232,192,101,76,202,167,469,399,410,328,583,513,14,14,31,26,23,17,95,81,116,104,92,81,471,395,401,305,401,342,4,2,2,0,1,1,52,40,54,45,79,69,164,149,224,177,115,95,222,194,120,108,216,174,744,637,553,485,486,396,18,14,5,7,7,3,97,84,104,81,82,69,460,400,492,424,320,273,5,5,4,2,1,1,18,15,14,11,34,29,320,272,215,179,266,220,864,738,478,405,634,532
R18H,ATCGTATTTC,977,925,976,915,1087,1051,1243,1117,965,906,713,653,247,232,476,446,755,693,1088,951,1028,952,855,781,917,811,1058,1012,1097,1023,178,153,301,279,105,100,919,840,666,609,612,551,949,829,736,670,768,718,1013,943,831,766,1375,1341,1015,961,1120,1048,1088,1052,559,518,647,607,680,637,940,890,991,929,1150,1095,552,519,1637,1567,811,776,815,752,881,842,1060,994,1253,1185,750,706,991,944,892,825,844,752,842,777,842,785,915,795,1065,1007,484,441,444,408,618,574,1089,1030,861,764,1076,988,771,719,1419,1267,1302,1212,485,465,299,284,804,769,954,851,947,898,1092,1020,774,735,1335,1218,890,846,994,937,1015,955,662,618,1422,1324,818,783,839,778,391,359,1106,1013,507,454,561,531,875,797,733,673,949,902,987,927,835,763,630,595,1178,1061,442,401,647,584,716,671,646,584,894,838,962,902,1095,1025,1347,1279,1397,1290,749,709
K21R,TCTGCGATTC,1958,1846,2213,2090,1547,1514,1858,1700,1725,1604,1362,1285,2129,1997,2452,2311,4203,3865,2409,2143,3369,3208,1341,1227,1189,1068,1853,1757,2043,1897,2759,2601,1320,1232,1837,1720,2190,1986,3084,2889,1573,1521,1991,1767,2212,2109,1327,1250,2235,2189,2316,2179,2230,2161,2406,2261,1325,1265,2699,2584,3013,2885,2987,2845,2271,2159,2049,1990,1673,1559,3311,3131,3626,3440,2662,2523,2671,2579,2626,2447,2296,2213,2401,2268,2121,2016,1805,1712,2510,2382,2042,1947,2189,1958,2643,2509,2000,1886,2031,1854,1974,1888,5899,5462,3397,3248,5465,5173,3188,3026,3411,3139,2889,2788,2543,2409,2133,1949,2059,1960,3879,3652,2193,2095,2770,2694,4305,3983,3152,2990,3135,3029,1623,1557,1886,1725,3009,2912,2707,2544,2953,2817,2573,2325,2665,2540,1999,1896,2257,2092,6251,5967,3901,3630,3156,2862,3803,3648,3131,2929,2622,2482,2526,2424,2302,2172,2726,2478,7526,7129,3683,3416,1186,1071,4244,3994,2807,2638,2652,2379,2419,2278,2513,2300,2256,2115,2697,2595,2520,2383,2221,2118
W31C,TCTTTATGGT,354,329,449,417,303,293,211,194,400,347,218,200,3,3,16,14,4,4,147,118,288,258,161,156,189,162,297,283,416,378,3,4,0,0,0,0,63,54,86,70,88,87,160,139,298,256,313,295,111,108,86,86,143,137,230,223,282,261,431,403,154,145,74,70,26,22,206,199,176,166,276,246,6,6,3,3,3,3,188,179,237,226,146,139,370,333,237,223,377,355,63,57,136,122,149,136,236,217,319,305,166,158,6,6,12,9,22,20,90,81,55,48,35,36,334,297,212,181,227,203,1,1,10,8,2,1,16,12,30,27,50,49,94,90,139,135,87,83,86,80,184,169,72,62,186,173,272,245,277,241,8,9,4,4,1,0,86,83,53,46,17,16,159,141,215,203,82,80,0,0,2,2,0,0,21,21,11,10,6,5,148,131,95,86,178,164,277,257,323,286,292,262
P41L,CCTTGTGCAT,358,316,316,288,301,269,353,315,466,406,373,332,183,162,177,159,88,80,430,351,539,481,282,255,399,353,534,488,411,357,117,102,78,73,222,197,236,211,433,386,196,180,383,323,538,474,351,329,295,275,331,292,309,294,413,381,302,280,430,403,225,210,282,257,227,210,391,378,313,288,521,477,39,35,129,108,307,283,345,305,337,313,284,261,553,513,360,337,413,364,354,334,354,309,500,457,313,284,372,319,468,444,467,408,305,283,203,193,304,276,339,285,544,501,363,343,357,308,571,494,261,235,291,270,208,191,424,370,414,366,258,231,232,219,463,394,455,417,415,374,375,346,294,268,675,619,453,425,454,388,155,139,201,176,154,130,180,172,322,287,258,231,372,355,333,300,338,289,130,114,57,49,120,104,354,312,165,146,200,170,325,290,281,249,431,385,400,372,413,376,504,444
Y42C,GGGCGGTTGT,208,179,362,322,119,109,235,182,288,243,178,162,282,235,155,125,92,79,246,188,217,194,139,107,199,164,394,345,221,181,131,103,93,83,133,121,112,91,133,96,111,95,188,156,122,104,220,185,183,166,118,93,404,349,205,178,164,138,249,207,236,211,122,107,490,390,503,437,370,309,162,134,205,172,162,129,102,92,230,183,204,174,191,159,333,284,210,184,453,392,277,241,345,252,184,145,227,195,309,247,415,347,76,64,90,78,93,89,364,302,182,149,85,79,94,82,337,260,184,153,69,55,12,12,30,29,155,133,260,229,120,108,109,96,264,220,97,90,66,62,260,230,154,116,531,465,252,228,137,111,38,34,200,167,61,47,114,94,112,94,243,212,175,153,264,227,149,124,41,34,44,39,32,28,88,74,71,54,190,145,274,228,379,312,238,203,272,228,451,385,206,171
N55S,TTCCTTTACT,99,95,142,135,51,51,82,72,84,86,58,55,23,20,66,60,5,1,58,51,106,100,25,26,53,48,67,68,67,65,41,39,0,0,13,11,57,59,27,27,37,33,110,100,126,122,122,122,25,26,66,62,69,66,35,35,94,91,118,115,41,38,43,45,142,134,196,185,220,215,127,117,54,53,69,65,81,77,63,61,58,58,102,100,104,109,105,103,176,170,88,85,31,30,99,96,72,67,60,49,92,93,16,14,17,17,18,17,77,76,55,48,100,93,61,62,26,24,187,178,41,42,7,7,59,53,65,53,18,18,58,52,51,51,41,40,56,53,126,123,16,15,98,95,122,117,93,92,180,170,11,10,15,12,16,14,99,99,40,41,37,32,83,85,114,105,82,81,36,36,16,18,15,14,14,14,95,90,41,33,66,65,118,113,23,24,55,54,87,84,105,96
P59A,ATGGGACTTG,1925,1823,3068,2897,1644,1571,1935,1720,2090,1912,2494,2266,6300,5855,2586,2382,3933,3465,2686,2274,3569,3367,1633,1460,1643,1457,2523,2351,2250,2063,4990,4686,2105,1945,3773,3520,3720,3315,3091,2718,2395,2263,1721,1497,2118,1943,1898,1740,3259,3076,2194,1961,2151,2042,2063,1895,2382,2258,2105,1972,2969,2822,2418,2290,2648,2324,2200,2052,1922,1808,3468,3216,3214,3018,5671,5321,3644,3467,2998,2739,2938,2826,2325,2151,3321,3089,2149,2006,3499,3234,2652,2403,2552,2179,3647,3262,1854,1714,2977,2654,2499,2379,4761,4273,2480,2344,6487,6126,3159,2994,3626,3272,3810,3567,1673,1589,2331,2092,2063,1892,3684,3361,3552,3424,2520,2405,3430,3058,4245,4029,2086,1951,2817,2688,3069,2805,3277,3128,3120,2868,3901,3714,3424,2971,2973,2784,3039,2840,2874,2580,3970,3793,4067,3726,3371,2969,3375,3206,3936,3508,5099,4658,2113,1982,2936,2739,2809,2542,2772,2593,2479,2275,1511,1351,4228,3823,2406,2236,2489,2215,2607,2412,2700,2462,2864,2641,2992,2812,3517,3252,2927,2702
N108S,ATTCTGTTTC,970,925,897,832,882,838,1075,956,972,883,693,646,614,569,452,413,417,373,1042,920,841,804,760,692,724,652,1087,1032,1027,923,856,768,375,344,333,312,1097,968,646,582,587,535,848,704,1010,921,788,728,1119,1069,1102,1039,1112,1044,1099,1032,842,791,1213,1146,706,657,1239,1164,805,770,904,835,854,796,1025,951,470,448,1245,1173,1018,952,773,736,1015,964,1130,1055,954,916,678,649,1474,1378,1032,970,682,604,668,634,799,761,1106,996,1110,1031,1380,1225,1749,1618,1207,1134,852,787,679,631,832,763,713,669,884,795,1025,945,509,456,1238,1181,823,786,651,601,907,866,1264,1196,870,824,825,765,970,925,755,677,1332,1255,849,779,1557,1407,974,910,1036,939,820,755,956,880,1343,1186,1350,1287,573,535,636,585,1029,971,712,645,929,811,878,811,1160,1077,399,351,992,912,1074,1009,599,550,895,836,1055,962,975,905,1024,947,1262,1166,895,829
Q147R,CGCCTGACGT,506,485,891,855,379,351,505,474,420,400,371,331,712,653,493,459,191,144,335,240,798,768,695,644,429,385,587,561,457,423,217,210,1067,1006,291,263,516,456,494,379,365,331,446,392,506,489,479,444,597,574,389,303,462,425,561,526,254,235,472,439,372,354,868,835,381,319,518,497,485,458,525,499,826,781,1087,1007,574,536,776,619,349,334,554,501,397,377,542,533,789,749,321,246,402,304,1332,1050,647,607,600,527,415,393,295,274,1009,957,1301,1229,440,415,260,241,378,363,539,522,396,349,635,608,683,637,1284,1219,1088,1050,199,186,479,438,242,219,576,545,501,465,586,541,449,421,324,310,716,524,461,436,500,471,445,407,704,656,198,189,605,538,561,533,508,395,284,259,382,357,516,483,396,360,850,785,930,882,358,332,410,318,1019,960,831,770,564,537,492,458,774,718,573,552,631,597,489,469
D156G,GCACTTTCTA,1759,1697,2298,2169,1467,1442,1379,1307,1643,1525,1654,1558,2510,2387,3347,3222,2234,2112,2020,1843,2522,2458,1292,1223,1735,1591,1954,1916,1510,1441,4025,3824,3461,3259,2556,2466,2435,2255,2448,2307,1576,1520,1740,1625,1649,1574,1420,1372,3302,3187,2518,2397,2132,2067,1377,1297,1575,1517,2153,2110,1865,1830,2423,2320,2459,2351,1582,1545,1595,1543,2292,2208,3678,3554,1843,1754,3440,3284,2000,1921,1671,1642,2532,2388,2200,2124,1829,1810,3014,2886,1929,1844,2416,2208,1977,1878,1886,1825,1767,1631,1971,1911,2432,2274,3731,3625,2889,2758,2065,2022,2008,1873,2110,2068,1944,1859,1747,1625,2747,2611,2348,2205,2611,2545,2039,2007,2357,2186,2297,2241,2521,2445,1407,1377,2244,2103,1667,1622,2592,2511,3119,3055,2122,1972,2316,2204,2045,1989,3169,2982,3136,3055,2123,2006,2835,2614,2129,2055,2836,2682,3133,2949,2162,2114,2146,2021,2739,2567,2518,2392,2955,2793,1202,1120,2388,2309,3343,3175,2250,2084,2090,2010,1962,1825,2629,2512,2507,2408,2425,2310,2188,2060
V159E,TGGCCGGTGC,1264,1146,1621,1466,1030,939,1229,1053,1145,1012,1191,1068,1564,1411,1478,1364,1016,879,1227,1039,1324,1193,760,655,1105,949,1253,1135,1378,1229,2118,1844,1159,1073,1844,1648,1032,894,1437,1276,837,738,1179,959,1104,962,910,801,1388,1252,1489,1385,1519,1391,1395,1250,909,863,908,855,1400,1299,965,896,1145,1006,1333,1204,1067,963,1843,1663,1174,1049,1740,1565,1020,951,1589,1428,1452,1335,1140,989,1513,1356,1170,1088,1863,1656,1236,1103,1248,1059,954,848,1114,1024,1248,1034,1139,997,829,684,2319,2044,539,494,848,796,1148,996,1221,1116,1281,1152,1622,1305,1379,1250,643,551,654,605,563,506,1267,1039,1682,1544,758,696,731,667,1658,1394,1271,1171,2008,1841,2020,1835,1408,1222,1278,1146,1347,1225,1420,1231,870,815,926,831,814,689,1313,1189,1442,1283,1523,1334,1163,1075,1424,1282,1092,938,1674,1527,851,715,594,493,1393,1267,1611,1466,1308,1144,1597,1445,1434,1277,1353,1193,1659,1515,1521,1366,927,818
P168T,GGTACCTCGT,1981,1814,2657,2438,1578,1462,1825,1599,1775,1594,1658,1491,2840,2568,2265,2108,1888,1658,1851,1573,2870,2597,2031,1827,1630,1408,1735,1598,1916,1724,1369,1252,1113,991,2652,2421,2235,1997,2920,2522,1666,1467,2144,1851,2039,1852,1725,1576,3326,3096,2124,1926,3135,2898,1954,1792,2015,1831,1988,1818,2360,2212,2565,2383,2879,2550,2741,2525,2292,2148,2538,2357,2711,2528,1822,1650,2728,2551,2397,2125,2212,2075,3103,2789,2524,2294,2023,1873,3063,2806,2263,2037,2581,2174,2596,2343,2596,2380,2895,2562,2116,1939,3628,3252,2602,2403,2257,2089,2920,2726,2247,2006,2699,2532,2143,1985,2222,1936,2499,2270,1186,1049,1382,1284,1996,1887,2818,2492,3001,2810,3240,2984,2170,2037,2848,2540,2886,2637,3069,2835,3626,3286,2760,2359,2654,2420,2184,1991,2394,2116,3039,2845,2649,2380,2272,1959,2822,2590,4026,3569,3068,2767,2153,2004,2303,2077,2702,2365,1903,1715,2604,2282,1189,1029,2391,2131,2699,2465,1909,1667,2750,2514,2200,1970,3093,2772,2624,2405,2872,2571,2231,2015
V208G,TTTGCTCGTT,1658,1525,2267,2070,958,900,1699,1457,2123,1901,1223,1119,2930,2590,3205,2898,2303,2053,2435,2079,2700,2460,1314,1187,1535,1320,1521,1395,1343,1202,3210,2876,1398,1245,1236,1121,2803,2431,3323,2988,1455,1333,1842,1590,2161,1903,1535,1409,3188,2973,3375,3104,2583,2404,1888,1731,1371,1260,1962,1803,1879,1742,3086,2908,3127,2823,1595,1486,1656,1558,2096,1902,3514,3267,7960,7336,2408,2206,3503,3210,2443,2285,2263,2053,1503,1375,1426,1374,2377,2179,2216,1998,1376,1212,2291,2065,1731,1603,1318,1165,2319,2158,2781,2438,4574,4181,3357,3089,2572,2356,3396,2973,3258,3050,1940,1776,1629,1429,2303,2107,3620,3250,2599,2432,4254,4028,3016,2653,4576,4199,2598,2442,1712,1597,2792,2504,2895,2707,2712,2441,3223,2952,2554,2246,3064,2802,2315,2141,1932,1762,5304,4888,3361,3048,7088,6128,4408,4107,3029,2733,4037,3676,2407,2226,2196,1951,2391,2112,2962,2685,7213,6458,3893,3478,3408,3069,4874,4487,3181,2771,2864,2613,2362,2126,2201,2003,2257,2082,2269,2050,2118,1969
F266L,TAGCCTCTGC,1267,1213,2121,2043,1269,1246,1821,1698,1482,1399,993,925,1591,1486,787,752,2820,2597,1438,1299,1879,1759,1238,1162,1282,1099,1449,1361,1557,1459,1157,1082,1446,1358,959,887,1711,1557,2587,2389,1111,1052,1726,1549,1647,1498,1255,1165,2587,2465,1978,1891,2423,2317,1715,1636,1292,1175,1825,1784,1865,1823,1309,1240,1348,1268,1643,1590,1409,1343,1344,1227,2066,1965,1196,1130,3114,2976,1611,1494,1687,1669,1768,1678,1830,1699,1570,1519,1868,1758,1540,1476,2095,1863,1198,1115,1219,1154,1363,1204,1827,1721,1591,1423,2282,2165,2988,2824,1986,1909,1422,1297,2088,2014,1187,1105,1663,1485,1528,1437,1414,1299,1567,1502,1268,1213,1804,1660,1680,1602,1645,1579,1186,1162,1303,1202,1283,1233,1907,1804,1857,1760,1820,1710,2834,2690,2227,2157,1500,1324,1186,1120,1283,1232,1537,1400,1182,1123,1740,1634,2261,2104,1673,1593,1373,1265,1962,1832,1886,1795,1780,1675,1116,1034,2702,2538,3318,3150,1590,1462,1449,1346,1982,1855,1499,1415,1836,1757,2040,1932,1859,1752
R324T,GTTGAGGTTG,871,769,1183,1039,672,601,777,667,758,662,965,819,651,586,755,664,522,442,926,728,929,813,553,488,845,684,862,759,1083,912,348,304,405,347,1341,1143,564,458,868,744,475,419,975,764,956,831,624,546,935,831,797,696,861,761,840,728,891,794,1230,1087,539,485,626,559,939,782,818,742,709,635,1261,1100,1131,998,916,814,438,379,1008,889,1641,1496,1093,936,895,794,821,736,1266,1087,685,586,929,754,746,658,659,593,729,624,663,564,1014,857,914,777,478,432,799,717,667,565,703,645,866,755,851,697,638,549,1093,929,893,789,2438,2191,1084,907,984,853,999,895,625,579,849,724,617,549,973,849,1189,1044,856,724,1136,970,775,700,1036,889,609,550,607,510,1019,864,951,838,1392,1182,1294,1117,1260,1115,1021,904,768,652,325,277,862,745,337,270,637,524,1022,906,449,370,756,672,703,593,738,650,926,800,1196,1038,780,665
S326R,TTGAATGTCC,1201,1122,1168,1094,991,961,1122,1004,1065,961,1031,955,856,796,836,769,673,614,1216,1045,1257,1167,804,741,1367,1199,1183,1123,886,808,224,217,745,691,485,448,931,827,1319,1221,737,687,1633,1427,1386,1267,1078,1011,1269,1188,1257,1174,1168,1098,881,818,1028,963,1175,1121,1162,1086,1071,1018,1050,979,977,943,881,845,1077,1016,596,554,750,697,883,843,1439,1325,1119,1034,1285,1193,1351,1274,947,925,1905,1762,893,815,1260,1128,1361,1269,1236,1183,1017,932,1485,1391,748,672,1697,1583,3266,3058,1363,1278,1161,1048,1495,1399,1381,1294,1244,1098,1351,1251,869,826,2250,2144,1300,1261,1691,1522,2028,1899,1865,1759,855,808,1417,1282,987,917,1449,1339,1898,1809,1318,1210,1681,1588,1065,1019,1092,1024,752,699,1202,1097,1204,1083,1512,1424,1074,993,884,805,1454,1391,1039,968,1336,1199,642,573,1255,1161,918,823,1492,1365,1566,1466,1535,1334,835,783,1159,1074,1409,1289,1249,1167,1677,1544,1144,1077
S445Y,TAGGTGGTCC,1209,1083,1188,1057,1004,929,1055,886,1222,1050,952,794,1125,997,3772,3352,1712,1471,1483,1197,1330,1209,748,632,983,830,1014,908,1037,894,1967,1719,1312,1154,1970,1725,2157,1805,1202,1029,970,850,1317,1067,1036,904,746,671,1367,1227,1128,1006,2125,1929,1082,965,1201,1055,1403,1270,1661,1524,670,604,1636,1407,1348,1242,1161,1037,1599,1412,1670,1486,3196,2857,713,636,961,853,843,758,1476,1261,1436,1286,1007,902,1427,1242,1032,913,1653,1364,1766,1568,894,797,1249,1067,1164,1021,1903,1580,2443,2133,1300,1158,1207,1105,1563,1326,1233,1090,1251,1088,990,818,1131,969,2225,1920,2366,2166,921,854,1153,954,1335,1183,1838,1650,1097,1016,1543,1306,1061,962,1799,1558,1946,1740,1337,1166,1731,1547,1430,1306,1649,1418,2521,2267,1834,1590,1267,1040,1202,1068,1458,1270,1953,1694,1375,1273,1488,1316,1858,1546,1196,1047,2100,1804,1486,1292,1988,1739,1585,1408,1389,1143,1316,1169,1992,1718,1010,885,1094,979,1427,1268,1190,1066
E462G,TGGCTCGGGC,2039,1844,3038,2607,1927,1773,2794,2362,2182,1910,2421,1935,2621,2347,2744,2443,2294,2004,2679,2212,3443,3078,2428,2091,2239,1649,2608,2375,2746,2256,3389,2788,1700,1477,1844,1610,3331,2873,3319,2960,2270,2073,2170,1760,2388,1928,1897,1683,3341,3013,2247,2033,3020,2766,2985,2672,1477,1230,2433,2199,2406,2182,2912,2631,3227,2813,3106,2841,2386,2094,2706,2175,3267,2775,3036,2743,3194,2849,2883,2542,2805,2563,2597,2271,2027,1653,2039,1852,3230,2729,3658,3259,2819,2335,2581,2263,2299,1880,2555,1876,2625,2208,3434,2667,3156,2630,3629,3076,2219,2035,2740,2314,3152,2863,2602,2311,3327,2758,3357,2990,1581,1332,1356,1206,2114,1917,3926,3352,3003,2743,2097,1908,2404,2221,3865,3353,2713,2523,3053,2673,3138,2819,3011,2633,3989,3392,2613,2355,2523,1981,1503,1364,2769,2437,2813,2182,3481,3189,2621,2309,2940,2569,3304,3028,2741,2221,2965,2570,2835,2530,4675,3815,1635,1378,2481,2221,3801,3411,2044,1733,2986,2428,3066,2712,2585,2366,3488,3173,3524,2976,2336,2097
N588D,TGGCGAGAGG,1016,936,965,898,929,881,810,722,831,734,777,709,355,324,482,434,702,618,994,845,1022,929,599,499,746,632,776,723,1113,995,576,535,309,286,627,574,536,457,464,417,442,401,820,665,814,749,775,688,841,761,756,693,1065,984,634,560,842,762,713,651,528,494,422,382,787,721,1079,1005,826,743,904,845,197,173,220,204,246,223,913,833,709,686,753,645,1040,965,739,684,980,867,570,520,572,480,686,620,885,828,860,744,1070,998,266,217,645,590,343,305,785,729,693,596,668,608,539,475,757,623,1045,927,298,270,255,240,409,391,347,315,738,665,651,612,785,729,987,872,684,631,445,383,618,568,482,423,1286,1197,810,767,1027,909,507,473,497,449,699,610,890,838,561,501,395,356,763,709,787,702,851,735,1308,1168,265,241,58,50,658,578,715,660,481,412,887,825,720,635,997,914,1036,989,1046,925,968,886
H595Y,TGATGTCCGC,897,844,1252,1168,1129,1078,1259,1126,1148,1049,1086,1007,1701,1558,1219,1135,1431,1287,1033,885,1357,1261,654,591,992,888,1111,1038,897,811,838,771,1292,1183,1473,1374,1518,1358,1144,1019,707,666,1096,962,983,921,807,748,1462,1355,1046,974,1593,1529,926,866,779,736,1147,1097,1447,1346,1759,1687,1123,1029,1199,1156,1108,1030,1483,1385,2067,1939,922,858,1444,1346,1130,1030,1341,1277,1426,1313,1326,1251,833,801,1346,1255,1347,1229,1469,1249,2108,1937,1356,1289,1261,1112,1141,1056,1888,1682,1934,1774,2407,2254,914,857,1922,1750,1595,1487,996,926,1155,989,1182,1063,1191,1074,2588,2451,1433,1365,1996,1765,1812,1711,1433,1349,959,901,1630,1443,2025,1922,1250,1143,1858,1741,1453,1311,1879,1749,1272,1190,1104,996,1266,1199,870,801,1782,1578,1751,1672,1507,1375,1254,1132,1642,1556,1246,1137,1018,909,1510,1392,2232,2039,1245,1126,2129,1954,1574,1485,1347,1192,1462,1370,1342,1234,1390,1297,1409,1313,1773,1635,1182,1102
T598A,GTGTCTGTTG,2568,2358,2581,2423,2467,2305,2366,2078,2375,2146,1705,1525,3828,3497,4578,4125,2572,2288,2721,2269,3456,3153,1933,1718,2413,2069,2420,2155,2543,2302,3423,3048,2748,2508,2647,2423,3769,3314,2708,2432,3170,2862,3085,2618,2417,2165,1562,1430,4087,3754,3632,3287,5455,5052,2175,1974,2118,1967,3066,2804,3809,3495,3729,3422,4959,4463,3229,2987,2878,2628,3139,2852,4433,4055,4558,4183,7760,7173,3472,3133,3300,3060,2847,2574,3066,2784,2043,1921,3379,3105,4684,4242,3837,3287,5077,4600,3087,2827,2910,2493,2467,2264,4911,4222,7692,7043,7115,6555,4426,4117,4059,3501,5983,5528,2507,2291,2917,2430,4283,3890,6040,5313,4949,4533,3622,3370,4528,3899,4335,4015,5443,5034,2802,2616,4734,4181,3757,3466,5381,4892,3125,2899,4891,4358,4084,3772,3106,2855,3433,3068,9113,8364,3611,3230,6506,5611,6227,5783,4721,4270,4506,4144,3092,2863,3448,3108,3111,2790,6184,5647,7602,6807,6020,5204,4684,4317,5243,4769,3296,2805,4787,4341,3799,3431,3391,3123,3744,3420,3834,3486,2541,2307
Y600C,TTATTAATGA,2093,2028,2062,1995,1662,1598,1831,1729,1888,1805,1684,1586,2656,2507,3413,3247,2629,2465,2271,2050,2707,2620,1096,1017,1931,1747,2205,2142,1918,1807,4537,4294,2022,1929,2718,2576,1954,1833,2901,2743,1839,1746,2106,1896,2344,2231,1429,1333,2725,2648,2151,2077,2533,2404,1598,1539,1571,1499,2306,2213,3342,3248,1569,1528,2353,2231,2630,2529,2107,2036,2544,2416,3591,3426,2261,2165,2918,2788,1814,1752,2305,2208,2974,2798,2099,2003,1649,1605,2248,2148,1668,1602,2674,2447,2703,2597,1807,1734,1571,1448,2135,2070,1836,1733,3604,3443,1760,1684,2605,2500,3497,3277,1920,1852,2070,1995,1814,1679,2220,2097,3596,3393,1481,1443,2123,2042,2802,2609,3262,3158,1602,1551,1572,1506,2424,2294,2734,2678,2803,2662,2815,2667,1935,1790,2885,2772,2071,1968,1882,1792,2759,2695,3027,2846,4100,3708,2415,2309,2804,2655,2289,2169,2035,1981,2275,2161,2234,2121,1620,1512,3191,2996,2278,2083,1882,1819,2526,2390,3273,3005,2318,2206,1866,1785,1802,1705,2006,1889,2713,2565,1872,1767
G602R,TCTCCCGACC,942,906,1386,1294,729,730,1171,1087,1305,1225,754,711,1763,1674,2726,2600,2006,1890,1603,1475,1407,1345,1061,1002,945,850,925,879,1143,1082,1520,1415,866,813,617,599,1615,1497,1243,1186,783,746,1302,1184,898,871,694,681,1896,1853,2354,2263,2032,1950,905,867,1181,1146,1288,1275,1678,1649,2395,2301,2130,2007,1427,1394,1156,1137,1588,1504,1244,1170,1752,1719,1637,1604,2300,2219,954,924,1400,1359,1644,1581,1031,1013,1631,1560,1527,1425,1802,1693,1047,1002,884,841,1607,1514,923,877,3662,3432,1593,1520,4185,4043,1557,1486,2029,1931,1587,1533,1114,1069,1694,1566,1606,1531,2129,2042,3229,3200,1078,1059,1474,1385,1964,1890,2114,2050,1545,1482,2203,2084,1495,1445,1671,1595,2394,2270,1424,1338,1915,1778,1383,1339,1129,1067,3579,3444,2792,2663,1227,1142,2715,2620,1888,1756,1425,1330,1516,1495,1269,1215,1504,1402,2673,2544,1832,1717,1242,1199,2468,2341,2309,2222,2734,2504,2067,1982,2423,2292,1667,1593,1836,1746,1633,1531,1193,1174
G602V,TTCTTTGTCA,1058,1013,961,921,863,821,1130,1038,1179,1086,1075,1001,985,920,440,422,964,887,1207,1060,1482,1385,752,696,1133,1011,856,809,1365,1266,597,567,341,306,689,622,1058,960,1435,1328,1075,1008,996,878,1332,1234,962,913,1735,1662,1107,1060,1885,1806,1093,1020,1143,1102,1117,1081,1140,1091,1059,1009,1190,1102,1207,1153,992,935,1108,1039,484,446,620,583,542,489,871,795,1271,1215,910,827,1235,1171,1044,999,2041,1923,984,930,1441,1316,1265,1166,1465,1395,1200,1109,1312,1244,854,767,844,796,812,781,1500,1398,1115,1016,1323,1235,1406,1305,943,853,959,915,1044,964,595,583,615,596,836,764,1118,1059,1383,1290,913,872,1481,1374,1235,1187,1251,1175,1668,1586,1895,1712,1525,1443,845,796,957,888,899,850,762,700,626,551,1492,1415,1482,1396,1388,1288,1326,1284,1326,1243,1130,1030,499,475,428,408,423,388,751,692,931,859,826,734,1658,1527,1056,957,1246,1183,1617,1520,1544,1444,1076,1030
E747G,CTGGGACATC,1881,1784,2250,2129,1799,1742,1716,1568,1985,1882,1664,1558,2959,2811,3157,2932,3078,2880,1935,1713,2171,2063,1430,1325,1811,1639,1989,1878,1718,1596,7168,6763,3813,3611,2049,1867,1911,1691,2908,2711,1591,1513,1425,1281,1707,1610,1380,1288,2908,2786,2213,2063,2897,2795,1661,1590,1495,1404,1869,1765,2432,2354,2602,2435,2680,2509,1732,1700,1576,1498,2103,2014,2330,2196,1870,1793,3879,3642,2247,2146,1713,1653,2072,1968,2150,2053,1551,1481,2472,2353,2049,1924,2967,2698,2834,2688,1661,1592,2428,2232,1871,1781,3431,3176,3255,3076,6276,5968,2311,2134,2453,2232,2754,2634,1614,1509,1996,1804,1651,1545,2765,2553,3900,3773,3469,3338,3127,2912,4202,4016,4435,4233,1535,1454,2717,2554,2402,2320,2200,2069,2739,2597,2299,2137,2778,2653,1641,1552,2431,2245,4076,3792,2210,2090,4083,3647,2494,2409,2117,1997,3699,3417,2509,2402,2064,1940,1982,1849,4088,3864,4198,3877,2003,1810,3033,2870,4311,3993,3732,3380,1940,1830,2637,2468,2107,1970,2506,2363,3384,3192,1690,1578
S755C,TGCCTAGTTT,2548,2378,3429,3190,2194,2086,3371,2954,2384,2160,2341,2125,3984,3666,3073,2841,2293,2072,2879,2479,3016,2762,2444,2193,2100,1811,2652,2454,2675,2426,1050,928,582,555,897,843,3289,2874,3863,3528,3645,3388,2805,2424,3246,2953,1876,1753,4030,3781,3807,3535,4276,3984,1962,1817,2535,2368,3266,3057,3644,3442,2931,2767,3521,3195,2300,2192,2275,2151,2821,2559,1849,1754,4432,4105,1284,1170,2654,2469,2803,2663,3314,3059,2953,2787,2206,2089,2973,2722,2762,2563,2822,2377,2780,2581,2636,2485,3090,2664,2110,1984,1787,1547,1024,933,1027,933,3566,3350,3016,2610,2163,2060,2816,2649,2532,2165,3632,3357,1054,928,1295,1257,750,707,1637,1406,4145,3844,1327,1264,2364,2245,3479,3092,3411,3248,3051,2814,3509,3310,3030,2767,3537,3294,3207,2990,2683,2448,2044,1885,1734,1584,2620,2322,2272,2138,3230,2994,4558,4183,4291,4070,3479,3229,2890,2568,1216,1147,625,565,1250,1121,1826,1659,3635,3375,2912,2550,3065,2899,2470,2254,3434,3134,3165,2953,3126,2897,2312,2096
N854S,ACCGGTCAGC,433,401,579,544,574,540,628,579,565,534,499,464,920,859,731,688,780,705,726,649,803,766,380,340,788,707,619,597,567,518,537,493,1993,1837,1848,1705,855,770,602,562,708,668,849,746,506,472,433,417,641,618,915,857,688,652,474,447,566,533,440,418,439,427,876,844,763,722,681,658,599,560,715,661,2371,2262,1081,1019,1027,950,777,724,667,626,631,588,683,645,358,352,758,705,662,613,782,708,685,642,675,626,662,573,680,656,2172,1938,564,528,674,642,858,806,557,499,847,794,494,458,549,500,795,747,515,487,673,638,1132,1070,708,650,1469,1411,712,662,572,539,865,806,515,499,1176,1090,586,561,785,717,821,749,465,437,726,672,885,807,516,477,1561,1373,1326,1262,1229,1130,734,686,943,896,903,829,823,763,1995,1853,1193,1107,654,589,973,907,1433,1351,1198,1064,659,610,575,522,1050,967,658,614,960,875,388,368
L1019V,ACTTGGAATC,1022,992,1657,1574,1047,1016,1053,986,1039,940,881,809,629,579,828,790,814,729,1152,991,1596,1530,1141,1028,951,851,1342,1287,867,802,437,421,274,258,935,871,1282,1162,1326,1237,627,604,1097,967,1131,1034,957,916,1529,1459,1424,1359,1665,1608,1440,1374,967,924,1266,1227,957,928,789,773,1181,1098,1360,1332,1040,1000,1329,1271,481,476,857,799,633,610,922,865,1097,1075,1579,1465,1614,1527,892,888,2058,1919,755,722,1210,1111,1084,1006,1331,1268,1107,1031,645,607,1417,1302,707,662,384,362,1115,1063,981,919,1444,1371,1545,1491,1144,1082,1214,1161,335,324,273,264,250,242,931,836,960,924,1361,1283,1194,1170,1318,1259,1445,1399,1237,1161,1853,1774,1309,1190,2355,2192,1691,1606,1174,1103,687,670,779,724,1202,1078,1348,1300,1123,1025,1037,968,1891,1823,1131,1024,1527,1394,1126,1073,612,555,661,612,1063,973,1152,1097,398,376,1354,1286,1310,1226,1048,995,1603,1508,1469,1376,1318,1233
S1074C,AATAGGTTTT,685,604,771,650,613,546,799,660,804,639,496,414,837,717,603,511,433,357,625,488,1025,891,397,333,627,505,850,738,672,583,1505,1267,465,402,305,250,618,509,1095,909,377,309,739,586,526,438,513,430,819,713,1043,902,714,630,797,689,721,643,644,550,650,585,623,507,557,466,813,717,683,597,544,459,509,450,245,220,160,135,827,715,714,627,965,846,928,819,706,627,1021,861,450,371,578,480,1019,887,542,464,559,476,944,821,597,490,703,602,400,344,634,556,531,428,716,624,677,609,699,562,591,506,263,210,515,440,491,429,749,631,658,568,447,379,740,677,609,527,731,623,1083,899,779,675,1096,900,959,814,851,746,650,542,611,532,436,364,1018,806,721,636,609,515,890,757,740,647,926,795,697,595,279,243,512,438,419,331,559,478,895,750,401,319,561,491,1068,900,620,499,639,554,1553,1293,539,469
I1167V,CTCTTGGGGG,1718,1671,2327,2246,1509,1452,1461,1321,1892,1784,1313,1227,2158,2018,2577,2443,1429,1328,1295,1150,2523,2452,1556,1449,1327,1206,1881,1806,1911,1819,1056,1000,2301,2152,2647,2463,1951,1787,1985,1859,1317,1238,1669,1502,1939,1813,1336,1266,2493,2412,2113,2030,2169,2123,1435,1372,1765,1679,1785,1719,1417,1368,2220,2100,1717,1612,2112,2045,1678,1592,2200,2108,1798,1708,1511,1413,3278,3112,1860,1772,2121,2070,2097,1995,1953,1846,1325,1280,2431,2332,1607,1498,2204,2006,1983,1881,1618,1578,2049,1886,1746,1669,2114,1953,2529,2425,2555,2431,1715,1680,1816,1698,1840,1761,1848,1752,2102,1955,2091,1965,2283,2146,1607,1513,2144,2070,2346,2201,1851,1766,2435,2388,1263,1229,2974,2829,2425,2358,2059,1958,2057,1970,2361,2211,2161,2049,1910,1820,1677,1588,2055,1972,2647,2492,2601,2349,2005,1948,1801,1672,1788,1713,1528,1485,1838,1741,1950,1837,2265,2121,1507,1414,1697,1522,2738,2581,1672,1600,2176,1989,1959,1833,1814,1696,2225,2119,1963,1888,1971,1851,2046,1920
M1168I,TGTGTGTTCA,1064,954,954,847,678,629,897,763,842,728,734,648,1981,1743,1212,1054,1291,1140,1077,924,1194,1078,1194,1039,806,694,804,730,850,749,2042,1757,1402,1212,691,631,877,752,1224,1080,695,621,673,564,801,710,670,606,1116,994,1204,1071,1483,1337,744,670,785,724,1178,1049,1562,1417,812,735,1090,970,1016,925,860,783,1457,1287,1833,1656,2738,2452,1055,971,1385,1216,825,777,1463,1288,906,818,818,776,1364,1216,1331,1206,1120,952,1871,1638,844,775,837,690,946,857,2265,1886,1103,999,1778,1590,1034,929,1685,1417,742,677,975,869,789,636,725,638,2251,1918,2471,2241,1803,1676,1864,1552,2402,2155,1781,1592,883,800,1127,956,1308,1191,1300,1173,1209,1070,1853,1587,1302,1138,1226,1100,860,757,1029,928,1500,1311,2614,2162,1389,1272,797,714,1897,1701,977,884,1147,993,1068,945,3616,3239,1171,990,3189,2713,870,765,2109,1882,1596,1350,1065,966,1497,1312,1076,976,1085,972,1463,1298,851,769
A1170V,TTCAGGCCCA,1299,1264,1588,1513,854,851,1591,1515,1098,1015,996,941,3161,2992,2642,2533,1416,1364,1430,1320,1389,1332,815,771,925,853,1398,1363,1110,1017,4546,4296,1829,1717,1353,1300,2012,1848,1689,1573,1648,1577,1183,1080,1297,1257,738,708,1772,1697,987,945,1636,1578,1017,995,1243,1185,1509,1459,1584,1548,1890,1840,1286,1257,1250,1212,1006,969,1204,1121,3000,2902,1641,1595,1548,1461,1236,1186,1311,1279,1705,1609,1354,1287,1191,1165,1792,1702,1021,981,2157,1975,1605,1531,1360,1302,1396,1284,1322,1279,2471,2254,1652,1584,2923,2781,2111,2065,1969,1816,2202,2140,1252,1216,1293,1171,1450,1366,1026,952,1129,1138,3008,2937,1599,1460,1337,1312,2162,2112,1134,1124,1866,1754,1462,1401,1870,1775,2194,2144,1943,1847,2004,1922,1149,1114,1594,1479,2262,2192,1848,1740,3470,3198,1951,1914,1936,1811,2172,2038,1361,1346,1371,1309,1336,1273,1434,1384,5101,4747,1234,1124,1654,1574,2600,2493,2164,2019,1456,1388,1446,1371,1541,1471,1399,1335,2130,1986,1761,1680
S1172L,TTTAGTCGGC,1213,1115,1094,979,909,873,1296,1144,843,750,856,799,454,428,508,469,699,642,1149,1000,1366,1270,461,410,848,719,1078,1001,1058,956,607,538,134,119,108,95,810,726,810,756,698,643,1115,932,1176,1058,1079,1012,1280,1186,975,903,795,739,1038,953,920,850,927,861,908,833,1045,983,606,558,939,896,824,766,1040,949,364,344,681,629,578,560,960,894,659,639,950,862,842,788,925,879,1293,1216,963,913,890,773,833,766,829,780,741,656,947,869,360,308,483,437,585,537,735,672,861,773,582,549,725,663,809,709,995,928,72,65,276,258,2440,2314,1468,1310,921,863,377,357,908,846,1217,1095,1164,1082,821,774,807,745,1293,1174,1363,1237,972,900,1015,904,802,743,351,317,861,723,1058,997,1075,976,820,760,1454,1350,1092,999,721,642,302,281,269,245,146,135,483,443,782,727,438,385,889,819,867,782,1081,976,1236,1115,938,840,956,859
N1228D,TTTGCTTTTG,680,636,722,678,655,621,615,569,609,573,534,493,230,208,299,270,233,212,608,544,768,728,490,465,802,717,608,578,775,719,161,143,65,60,106,97,559,488,611,565,384,372,625,563,673,621,466,441,714,663,859,808,646,609,749,702,582,549,751,688,604,581,521,506,388,351,709,685,594,570,862,800,179,163,438,405,194,180,531,500,895,866,656,612,893,844,685,654,708,668,473,449,776,698,551,510,602,577,767,665,690,660,278,256,437,409,289,274,599,576,437,394,668,622,631,586,648,586,826,748,235,215,106,105,209,203,354,302,634,610,245,225,699,682,539,498,748,700,709,662,934,883,631,561,917,852,732,684,851,773,377,349,186,175,248,214,875,832,560,512,494,447,840,794,739,680,678,614,146,132,157,137,192,172,308,280,355,324,487,430,385,367,380,348,641,607,702,651,870,801,617,553
R1329S,CTGCATTGTA,1940,1801,1921,1783,1439,1375,1938,1760,2454,2273,1746,1602,2495,2308,1736,1612,1781,1616,2475,2182,2809,2638,1825,1633,1776,1564,1933,1792,1865,1698,2502,2311,1336,1230,1329,1226,1905,1688,3234,2916,1395,1289,1655,1454,1787,1612,1442,1364,2589,2410,2183,2047,3231,3065,1803,1681,1779,1673,1912,1818,1973,1838,2053,1941,2258,2062,1617,1529,1627,1486,2584,2406,3017,2835,2943,2785,2808,2571,2617,2422,1864,1801,2509,2316,2107,1977,1759,1699,2535,2329,1790,1663,1884,1690,2127,1963,1679,1577,1999,1780,2205,2045,2051,1830,1415,1339,2164,2042,1917,1829,1850,1633,3294,3078,1874,1776,2081,1844,2090,1915,1331,1221,2073,1983,1228,1160,1828,1661,3198,3003,2607,2429,1610,1545,2261,2066,2798,2665,2814,2592,2325,2203,4401,3972,2408,2232,2118,1998,2253,2047,1969,1838,2311,2109,1618,1417,2265,2155,1805,1651,2761,2524,2344,2222,2582,2379,2008,1791,2922,2717,2099,1922,1545,1363,2139,1957,2628,2456,1166,1015,2078,1923,2782,2553,2137,1997,2355,2217,2612,2429,2498,2314
D1420Y,TCGCTAGGGG,1523,1457,2163,2012,1391,1325,1951,1762,1566,1446,1525,1402,957,910,1235,1183,1002,927,1791,1562,2428,2325,1172,1051,1759,1543,2046,1910,1652,1537,1084,1027,915,839,811,766,2498,2287,1054,983,1214,1141,1800,1623,1427,1292,1446,1354,2373,2278,1417,1326,2530,2412,1237,1151,1544,1435,2009,1883,1648,1575,1756,1688,1565,1456,1937,1866,1593,1504,2244,2083,1414,1327,1427,1342,1591,1509,1851,1752,1722,1688,2328,2169,1879,1751,1428,1377,1997,1870,1537,1452,1605,1474,1726,1615,1367,1294,1337,1204,1868,1740,851,787,1371,1286,1031,970,1490,1401,1423,1317,2327,2217,1512,1434,1754,1602,1372,1288,868,779,1166,1098,616,590,1110,1045,1525,1421,1661,1557,1140,1089,2005,1850,2039,1951,2110,1940,2849,2686,2835,2600,2440,2276,1414,1317,1484,1381,1590,1487,1083,1001,1550,1389,2430,2301,1550,1440,1870,1713,1868,1765,1934,1823,1897,1753,2615,2427,2144,1971,127,113,1228,1130,958,906,1190,1070,2148,2027,1613,1497,1731,1635,2070,1944,2371,2202,1944,1808
F1524V,CCGCACATTC,505,501,603,582,558,553,588,550,592,576,420,403,197,192,169,163,140,129,462,433,794,774,548,517,613,569,747,733,633,605,266,257,134,127,54,56,484,443,400,384,265,248,693,627,783,762,424,430,605,587,440,426,679,680,571,565,608,582,653,658,262,252,335,317,302,296,478,465,427,405,522,505,125,121,394,393,171,173,671,646,631,616,614,583,967,937,575,572,719,683,409,392,406,384,250,245,540,517,545,537,771,769,170,148,270,259,271,269,363,352,476,448,440,426,656,636,539,504,594,565,141,134,116,109,290,289,371,359,319,308,412,390,453,436,503,477,533,519,542,514,389,386,636,598,920,892,645,630,479,459,339,326,124,116,528,484,424,411,290,268,451,437,787,771,673,650,445,428,113,105,172,172,149,144,121,118,183,178,134,116,391,379,603,580,412,388,653,633,993,954,578,573
K1530N,GTTGGGGGTG,1628,1391,2238,1930,1331,1149,2437,1958,1227,983,1412,1165,2444,2025,1455,1206,2655,2159,2272,1747,2620,2238,1691,1372,1741,1379,1815,1509,2218,1845,2626,2188,1501,1226,1343,1127,2557,2061,2729,2280,1833,1560,1472,1134,1797,1499,1423,1196,1903,1662,2562,2218,2713,2304,2342,2018,1417,1250,1507,1250,2219,1947,1782,1594,1994,1630,1794,1558,1553,1343,1841,1549,1594,1375,2514,2134,5380,4569,2145,1823,2308,2028,1815,1556,2161,1859,1503,1314,2710,2271,2176,1864,1956,1547,3167,2672,1987,1696,2553,2028,2032,1703,3484,2888,2951,2526,2892,2496,1959,1707,3074,2549,3031,2595,1552,1321,1683,1350,2233,1921,1311,1068,1837,1545,1828,1607,2140,1734,2298,1969,2417,2082,1451,1244,2637,2186,2575,2220,2539,2147,2750,2378,2274,1851,2506,2116,1656,1416,1509,1221,3952,3389,3616,2933,3129,2497,2567,2239,3432,2877,5532,4555,2684,2299,2223,1854,1558,1313,2227,1864,1760,1387,2753,2210,2235,1834,2423,2043,2742,2197,1773,1523,2014,1655,2755,2311,3477,2941,2238,1896,1658,1392
V1532F,TTATCTCAGT,623,586,1172,1081,744,690,660,584,886,784,649,566,1557,1391,1784,1615,1020,877,774,649,1135,1043,848,740,967,828,947,895,886,794,2627,2356,1881,1680,1643,1473,1090,932,844,738,555,526,1044,912,938,821,636,594,1030,946,946,856,769,721,894,822,852,756,1077,1006,567,520,1410,1291,719,641,649,615,628,582,826,765,987,896,1109,1039,696,651,866,782,1025,980,1224,1107,1110,1005,774,735,1622,1440,927,822,1327,1128,1546,1424,966,889,1034,901,1024,959,1756,1529,1945,1781,3242,2951,723,656,1070,930,1305,1222,877,794,1218,1046,1343,1247,2141,1961,943,913,1030,979,1426,1264,1282,1206,2747,2560,663,614,916,838,1002,942,856,798,1027,940,1230,1093,1385,1235,892,829,954,856,1257,1155,893,822,1473,1276,1607,1505,1375,1210,772,728,785,754,728,654,801,709,185,162,2156,1924,501,452,1877,1641,645,591,1102,946,1068,987,997,886,1094,985,808,745,1258,1141,1127,1021
K1690N,ACGCGGATTG,2058,1915,1703,1601,1985,1889,1585,1452,1661,1531,1623,1487,6461,6034,8277,7769,4964,4588,3195,2780,4164,3908,3001,2754,2151,1922,2159,2025,2103,1933,7361,6886,6801,6339,11937,11161,3939,3501,4169,3878,3079,2873,1940,1705,2274,2093,1496,1369,3692,3520,3813,3575,3645,3456,2167,2019,2193,2068,2643,2473,4713,4432,4378,4144,4372,4092,2271,2138,2292,2149,2824,2666,7979,7551,8851,8280,9700,9170,3070,2879,3346,3208,4105,3789,1812,1725,1850,1759,2873,2663,2976,2795,3330,2977,3937,3714,2293,2165,2065,1888,2718,2584,7168,6445,6764,6359,6330,5981,3611,3426,3208,2941,5584,5274,2598,2409,2343,2071,3844,3574,4204,3797,3759,3585,5179,4948,4678,4290,4083,3877,5765,5477,3558,3401,2716,2523,5716,5469,3832,3539,4107,3878,4416,3995,3501,3283,3387,3209,2412,2218,4746,4475,9246,8454,7711,6914,5675,5375,3796,3492,5933,5495,4277,4007,3242,3018,3061,2763,7628,7139,9251,8397,8820,8001,6486,6055,5955,5529,5258,4720,3725,3498,4384,4051,3924,3657,2899,2723,2626,2411,2319,2159
E1695V,GATCATTGCG,1346,1266,1506,1406,849,808,1409,1270,1124,1028,982,932,1258,1172,819,749,900,860,1099,940,1498,1404,976,940,934,837,1105,1012,1270,1221,1328,1249,126,117,1207,1135,1144,1015,791,707,800,780,1110,977,1012,912,932,891,1336,1259,1405,1289,1099,1027,1077,987,1287,1203,1466,1370,909,868,1089,1019,1416,1282,1194,1143,1160,1075,1207,1109,1079,1028,945,871,759,721,1297,1182,1270,1220,1904,1781,1743,1654,1147,1106,1276,1169,1737,1618,949,838,1099,1014,899,829,1054,931,1831,1689,479,431,915,836,2280,2128,769,716,1328,1167,560,537,1230,1135,1075,934,1184,1095,1073,962,1158,1095,1745,1668,507,448,898,827,693,661,781,727,1168,1046,1235,1179,886,805,1246,1140,951,883,1653,1532,1135,1060,890,811,1040,963,1940,1790,630,547,1630,1559,697,641,1273,1177,1249,1194,960,907,958,872,1447,1352,758,692,744,675,1454,1339,823,763,1650,1463,869,810,880,811,931,874,1292,1184,1540,1395,1243,1155
G1696V,TCGTGTCCCC,427,403,641,616,401,381,438,414,416,380,303,279,167,154,100,92,32,30,482,433,394,376,186,167,433,375,430,412,513,480,115,104,51,46,61,57,383,332,375,339,170,169,411,363,527,494,400,391,433,402,272,257,484,465,387,372,406,380,384,370,305,293,257,236,356,330,350,353,299,280,387,371,147,138,240,237,264,256,418,395,405,402,420,389,451,431,418,411,512,491,308,284,268,245,323,293,275,263,421,374,466,446,315,283,53,47,254,243,327,308,280,251,237,225,485,448,309,258,502,468,137,124,244,229,157,154,326,283,238,233,251,239,445,426,308,279,316,304,258,236,419,387,321,289,682,653,334,321,497,456,238,226,112,104,123,115,386,372,320,286,329,292,400,387,263,241,396,351,97,90,171,145,54,51,166,156,334,309,119,109,367,354,247,225,487,451,365,346,493,459,448,433
D1699N,CGTGGTTAAG,1400,1249,1144,1017,1019,903,1385,1155,1001,797,882,745,1539,1320,1681,1437,949,765,1231,999,1393,1227,533,434,1020,858,937,783,1320,1158,478,420,509,429,764,654,1292,1086,818,700,668,567,1307,1019,1024,877,820,699,1804,1617,1293,1111,1829,1636,1157,986,861,789,1396,1235,1999,1804,1159,1039,1362,1179,1355,1190,1196,1012,1462,1304,723,649,2220,1956,1327,1193,1640,1461,1529,1385,831,690,1493,1364,1044,951,1696,1463,847,732,1350,1112,837,724,848,750,1175,999,912,816,1843,1548,825,722,1845,1590,1025,913,1552,1305,2109,1834,1392,1202,1014,822,1175,987,461,383,1126,987,1218,1115,1424,1191,901,800,1410,1273,1287,1148,1593,1368,1656,1477,1691,1410,1039,919,1611,1375,1461,1283,1487,1279,1145,987,1410,1243,1968,1655,1940,1583,1296,1175,1093,948,1688,1464,1125,1005,1156,1000,978,766,1304,1141,1655,1377,1662,1361,2231,1932,1274,1132,1096,922,1235,1085,1156,962,1088,933,1294,1138,1676,1432,1092,922
D1728N,GATCGACCGC,434,408,728,699,326,306,506,466,471,431,173,154,468,437,498,475,511,462,367,315,570,529,256,231,332,304,596,582,416,389,209,200,118,106,216,193,448,402,635,603,432,421,519,454,434,404,333,325,492,476,558,520,420,395,363,340,272,251,395,376,712,683,721,719,400,391,268,250,298,268,296,270,750,715,1394,1322,1344,1257,376,360,652,626,440,412,574,555,411,401,653,611,315,289,467,434,716,662,411,387,209,179,383,352,739,670,659,636,692,643,748,729,498,447,710,667,517,494,663,570,451,431,957,884,457,436,903,857,1124,1040,542,514,1446,1384,360,342,441,404,553,517,612,582,634,599,607,567,417,399,330,309,398,373,1648,1568,738,695,1001,884,794,780,728,681,783,717,425,412,277,264,391,365,700,666,1328,1227,630,573,604,570,1205,1134,607,544,399,376,316,288,432,394,369,357,704,664,422,399
D1737V,CTCGTCGGCG,401,375,549,513,414,394,442,420,431,401,519,469,502,469,588,552,993,896,662,590,507,488,418,369,457,414,528,486,722,650,494,453,632,590,388,361,621,548,566,523,388,351,479,411,521,482,463,447,623,602,496,455,513,474,552,525,425,389,429,397,408,377,599,557,340,318,378,366,327,290,567,518,541,498,826,783,554,529,453,412,582,541,572,535,561,525,299,293,821,777,540,510,586,535,445,416,585,562,533,489,522,481,906,839,1102,1033,566,542,432,403,737,694,470,448,479,446,539,490,550,523,299,269,431,402,1686,1606,611,556,754,705,701,675,544,519,611,568,688,640,533,491,497,472,837,757,919,882,625,596,541,476,472,451,641,587,646,570,616,568,678,622,728,664,425,402,603,563,476,439,368,351,259,232,153,139,669,633,529,503,607,547,396,370,523,481,541,509,577,532,755,701,407,378
N1878K,TGCGGGCCTA,2702,2525,3174,3006,2609,2505,2612,2402,2893,2630,2669,2432,2091,1951,3026,2849,2286,2089,2891,2561,3858,3683,1978,1783,2775,2471,2522,2378,2967,2692,2328,2183,1435,1306,1942,1796,3128,2802,2622,2398,2109,1998,2706,2378,3105,2926,1859,1760,4236,4021,3101,2967,3266,3113,2914,2721,2759,2628,2470,2328,4463,4233,2855,2713,2983,2779,3359,3221,2955,2729,3562,3265,4930,4661,2728,2515,3453,3244,3815,3574,2764,2703,3328,3056,2995,2783,2143,2060,3996,3719,2394,2212,3262,2785,3145,2951,3675,3491,4266,3639,2911,2714,2828,2440,2627,2479,2392,2262,2990,2843,4254,3691,3621,3432,3295,3061,3482,2899,3021,2799,1333,1185,2322,2238,1722,1664,3522,3029,3513,3278,3613,3390,2115,2051,5227,4658,3266,3177,3510,3278,3652,3500,5204,4751,4690,4367,3256,3137,3420,3122,3002,2838,3619,3283,4977,4480,3750,3614,3379,3151,3741,3469,3188,3044,2620,2455,2748,2470,2219,2131,2881,2645,961,884,3614,3393,4168,3953,2842,2569,3305,3116,3062,2834,3948,3726,2965,2763,4278,4014,3089,2887
H1918R,GCATTATGGT,759,701,1010,910,757,690,705,638,680,581,815,728,491,438,348,324,307,253,732,610,925,856,567,504,539,476,1058,966,756,689,1356,1250,59,52,246,230,507,438,915,809,389,344,860,742,1031,917,612,558,856,781,861,776,682,608,837,759,668,607,938,872,506,470,573,531,484,428,574,527,559,500,957,866,351,315,300,260,167,148,843,745,668,633,693,607,887,822,916,869,852,766,791,713,970,814,662,593,581,536,822,707,828,742,869,751,629,545,382,347,488,450,825,710,735,667,891,805,913,772,1208,1074,223,181,279,257,165,150,586,501,485,445,610,548,524,467,844,744,1027,959,550,484,740,679,923,805,1020,935,778,716,905,813,642,589,658,577,349,286,740,710,539,470,574,502,744,687,694,630,779,667,377,337,46,45,97,85,426,389,645,573,447,385,567,510,586,524,768,677,1148,1048,1421,1281,541,484
S1970L,CGGAGGACGT,1703,1584,2257,2120,1571,1485,1553,1392,1726,1579,1417,1316,2854,2635,2170,2030,1931,1540,1542,1164,2742,2534,1679,1568,1819,1598,1966,1826,1997,1846,2350,2192,550,512,1235,1112,2964,2623,1836,1492,2044,1873,1909,1639,1579,1455,1511,1405,2430,2289,2292,1893,3031,2836,1776,1674,1519,1435,1655,1537,2681,2494,3495,3277,2562,2066,1805,1669,1599,1500,1850,1735,1987,1875,3601,3335,3525,3304,2480,2045,2267,2150,2599,2372,1934,1822,1849,1707,2325,2163,1354,1144,2081,1654,2209,1832,1725,1628,2483,2256,2380,2246,2915,2622,1840,1717,3566,3350,2442,2283,2724,2548,3038,2823,2469,2287,1857,1684,2481,2317,1303,1201,1387,1308,1041,958,2857,2638,2115,1994,3104,2922,1704,1618,3623,3336,2199,2040,2037,1875,2817,2626,2291,1825,2510,2344,1699,1587,2682,2440,2532,2350,1906,1714,3217,2857,2620,2471,2674,2148,2990,2752,2804,2646,2639,2454,1752,1592,3124,2849,1129,1008,695,623,1607,1318,3296,3083,2478,2212,2153,2023,2278,2094,2114,1951,2845,2637,2691,2488,1642,1531
E2020K,CGGTGGCCTC,886,797,1005,927,662,614,895,772,1024,928,920,829,1429,1245,925,885,473,423,750,632,997,927,977,860,847,725,928,860,1173,1055,911,829,1311,1168,428,369,1099,931,759,706,867,812,787,678,1019,930,716,644,945,898,882,811,982,898,663,611,678,632,1140,1046,840,757,827,763,649,593,776,730,616,571,846,764,300,276,607,551,632,585,699,637,959,923,1214,1078,1139,1078,818,774,1130,1050,669,604,801,699,802,732,1036,961,739,656,1113,1033,676,621,846,790,860,786,793,728,1008,878,1229,1135,724,654,918,795,915,842,880,785,1031,982,868,803,1026,868,925,847,1439,1298,728,683,806,737,929,893,1072,988,1265,1169,843,759,1568,1435,1149,1050,1282,1139,670,622,1340,1175,934,822,844,776,658,595,1295,1170,1449,1341,1051,980,953,839,536,471,621,546,363,311,643,583,1366,1263,830,707,633,582,733,665,620,579,1239,1119,1223,1124,970,885
H2074N,GGTGTCGCGT,1085,958,1233,1049,944,826,1079,892,1022,845,1199,1027,1276,1084,1637,1382,1630,1255,1273,950,1671,1452,741,629,1005,815,1636,1415,1042,860,2259,1914,1415,1241,1077,926,1493,1221,1706,1306,958,825,1016,798,1037,886,1064,928,2102,1838,1458,1190,2518,2259,1263,1059,1176,1063,1548,1334,1222,1089,1791,1577,2188,1738,1528,1364,1389,1198,1342,1151,1633,1471,1246,1075,1653,1443,1810,1434,1180,1064,1368,1180,1499,1301,908,817,1885,1663,1128,890,1690,1264,1645,1289,1232,1057,1407,1162,1569,1362,2560,2097,2121,1845,2021,1753,2011,1788,1492,1245,1510,1298,1196,1017,1539,1231,1724,1476,1127,939,1208,1055,1077,966,2114,1774,2042,1752,944,821,1459,1304,1997,1715,2220,1980,1851,1582,1877,1647,1617,1221,2287,1972,1401,1206,1246,1037,1723,1514,1982,1679,1785,1446,1883,1659,1981,1520,2332,1934,1178,1031,1416,1211,1702,1387,1273,1102,2325,1918,753,634,1688,1333,1979,1694,1376,1137,1658,1408,1354,1157,1477,1281,1620,1394,1557,1326,1398,1199
K2075N,GTCGTTCAGT,1485,1373,2564,2277,1528,1404,1815,1563,1667,1441,1298,1125,1094,962,1249,1110,1029,860,1771,1394,1784,1615,1302,1132,1548,1286,1985,1805,1636,1433,1022,891,509,458,403,347,1613,1398,1678,1407,1342,1197,1389,1134,2027,1777,1426,1300,2603,2350,1419,1231,1656,1532,1656,1469,1569,1429,2010,1825,1508,1376,1755,1558,1128,973,2145,1939,1802,1607,1971,1757,1708,1535,2161,1917,1007,908,1613,1426,2082,1925,2708,2376,1987,1793,1665,1521,2442,2195,1157,1024,1628,1365,1491,1302,1345,1199,1762,1527,1591,1451,1565,1343,2486,2240,1858,1692,2504,2282,2669,2296,2367,2104,1518,1331,1862,1564,2037,1787,1169,1004,1191,1090,1934,1773,1476,1293,2886,2602,1633,1490,1919,1735,2552,2222,2700,2475,1213,1081,2153,1919,2133,1776,2467,2200,1738,1602,1497,1314,1988,1773,1655,1475,1077,919,2012,1849,1579,1335,2043,1814,1913,1754,1668,1493,2160,1877,1695,1494,1978,1719,1949,1623,1684,1418,1048,951,855,723,2366,2117,2128,1857,1897,1670,2410,2144,2315,2001,1601,1428
V2138D,TTCTTAGGAG,775,697,754,686,780,714,869,743,763,681,443,379,592,530,678,614,920,787,665,543,866,752,589,514,643,532,627,561,782,680,453,401,656,564,607,560,972,829,741,645,436,390,523,430,798,700,595,523,892,813,596,544,795,724,631,547,606,543,706,628,776,715,680,618,781,677,996,929,777,697,982,879,683,606,248,224,546,500,1134,1012,683,630,954,861,974,883,762,717,833,754,562,497,865,725,634,542,939,842,663,550,602,544,603,500,461,390,1051,939,531,488,742,641,1065,951,715,623,458,378,807,719,700,623,823,757,282,261,822,720,771,693,715,645,665,610,797,674,1012,928,1014,912,907,790,833,716,966,848,905,806,1238,1086,325,287,597,508,1553,1353,762,686,919,778,798,712,736,665,643,570,939,812,796,698,733,620,243,207,813,717,852,760,825,688,615,545,759,663,1139,1025,887,785,1071,957,655,594
H2324R,TGTGGGATGG,495,456,777,716,567,518,574,500,711,649,475,432,418,377,227,213,210,177,600,491,572,517,317,293,551,456,727,672,572,542,67,64,237,209,233,219,452,402,292,262,309,281,571,473,607,549,693,619,617,563,417,368,744,703,601,543,584,519,547,508,330,307,507,474,375,348,564,525,505,465,844,769,160,157,285,263,236,217,459,411,475,439,576,520,687,644,524,488,808,730,484,434,321,269,707,631,565,535,561,492,590,531,165,145,71,69,127,117,415,392,303,266,392,355,462,420,442,386,656,585,133,114,113,109,148,134,398,366,259,246,192,180,354,325,375,339,620,574,393,365,416,383,417,367,875,788,536,485,719,654,196,176,285,264,237,203,573,523,488,449,385,340,492,467,618,561,671,598,101,95,267,225,81,69,308,271,354,316,219,185,486,449,515,464,590,530,778,729,619,562,646,582
P2329L,TTCATAGTTT,489,459,1064,1004,483,450,656,569,764,693,603,542,204,192,43,37,33,33,652,548,657,598,433,385,545,499,953,887,591,533,12,13,5,5,47,44,434,387,268,252,176,165,435,386,856,765,385,347,679,630,319,290,405,382,601,549,500,465,564,544,171,155,438,409,215,193,529,524,430,398,906,825,40,37,108,99,42,38,293,275,436,416,338,302,706,652,599,553,658,620,289,278,327,298,376,345,575,538,938,838,490,439,175,152,94,91,37,38,185,174,233,215,264,256,501,475,747,643,447,426,13,13,7,6,42,44,113,98,78,75,141,126,433,417,421,390,218,202,218,214,306,281,440,382,580,529,617,567,438,402,54,50,52,48,22,19,246,240,179,156,243,225,400,378,643,586,478,421,15,16,15,13,24,21,65,53,34,32,93,88,480,444,396,363,555,516,1123,1041,828,755,435,402
R2336G,CGTACTTGGA,383,344,679,622,582,545,534,479,604,529,437,408,1997,1828,1227,1126,718,649,490,413,941,873,287,269,526,455,460,411,803,719,2694,2441,1905,1742,1891,1740,802,708,1011,912,636,591,485,408,634,574,640,584,724,678,852,790,1138,1071,573,529,554,506,559,523,746,687,789,765,1032,957,588,559,578,535,759,688,1793,1689,1689,1575,1428,1327,762,695,673,641,995,910,473,448,547,494,748,674,473,442,531,456,1094,1018,363,353,587,523,554,498,1594,1394,1859,1733,842,777,706,646,1350,1199,1052,984,693,622,581,524,683,622,1461,1347,1543,1415,1484,1396,710,636,843,769,1032,958,334,318,776,720,612,581,634,578,1183,1106,731,660,707,644,531,488,915,822,1916,1812,2195,1955,932,804,710,681,1130,1022,845,774,698,646,513,466,531,459,1744,1607,1526,1352,1151,1006,1102,1013,949,860,2543,2234,756,687,619,557,884,822,745,687,834,778,324,306
T2337A,CTTTGTGGTC,421,384,662,588,489,441,492,421,380,335,536,467,280,253,324,297,136,116,516,417,600,547,385,337,586,492,627,565,426,368,108,84,132,119,186,174,400,351,410,351,203,181,487,429,517,461,480,437,484,442,559,511,828,764,662,611,539,496,675,608,359,337,314,289,462,428,657,599,464,425,673,608,245,222,154,138,135,123,535,498,414,381,496,440,634,569,493,470,742,676,413,368,505,430,884,771,671,590,565,514,564,507,422,359,599,534,311,290,505,452,542,480,687,632,608,553,474,402,650,588,340,308,164,150,128,124,194,164,374,346,454,418,399,372,842,758,603,562,336,294,769,716,527,461,856,781,593,556,313,269,298,262,392,351,172,142,385,352,425,377,392,338,441,411,484,438,506,463,189,162,113,97,82,64,349,319,497,435,244,202,542,502,584,539,522,470,834,750,511,452,660,617
K2411T,TAGCGTGTGA,1042,959,1514,1358,939,852,903,788,1120,982,935,801,540,468,1154,1014,516,450,957,784,1602,1460,920,804,1054,867,935,833,1048,903,335,292,268,233,267,239,912,784,921,822,745,676,963,805,1143,977,936,811,918,845,1000,904,1318,1181,945,826,857,769,1636,1457,862,792,791,712,1137,1012,1041,966,858,777,1098,972,756,700,764,667,689,607,1057,957,989,909,1197,1023,1464,1321,779,720,1576,1389,793,711,916,786,1259,1134,830,743,1109,927,1108,979,765,643,706,635,515,465,884,828,1128,964,982,879,1217,1102,1006,811,1050,939,309,268,331,313,384,347,821,698,954,849,715,649,974,915,1289,1108,1121,1043,1108,977,754,704,1162,1029,1613,1427,1289,1172,1307,1129,1628,1417,884,796,882,732,1349,1247,1481,1281,895,778,1141,1045,1219,1083,1055,892,272,242,670,591,198,162,758,660,571,505,486,401,1292,1151,865,740,1252,1123,1796,1589,1500,1341,1405,1217
T2412A,TGCGGTTTTC,1247,1156,1624,1510,1349,1249,1439,1311,1779,1599,1212,1135,1485,1339,1460,1342,1358,1200,1269,1112,2295,2146,1124,993,1267,1119,1527,1434,1964,1782,1471,1316,762,684,1623,1474,2266,2006,1758,1576,1102,1032,1541,1305,1331,1222,1419,1290,3280,3052,1371,1246,2829,2633,1803,1670,1565,1446,1805,1711,1668,1572,1641,1551,1660,1533,2360,2172,1970,1823,1973,1804,2173,2007,2807,2612,1499,1382,2090,1894,1775,1704,1457,1339,1737,1609,1930,1810,2181,2000,1394,1291,1998,1680,2246,2048,1457,1349,1745,1471,1852,1695,1492,1284,2472,2273,2199,2006,1734,1617,3037,2571,2008,1859,1574,1424,1785,1473,2489,2298,875,742,2171,2066,1717,1644,3201,2766,2315,2142,2375,2214,1487,1408,1895,1614,2031,1918,1697,1541,2842,2641,2368,2134,2865,2625,1101,1020,1853,1646,1573,1442,1996,1780,2346,2078,2120,1975,1850,1649,2139,1958,1342,1283,1652,1517,1739,1564,1386,1271,3472,3130,1725,1537,2906,2663,1457,1347,2050,1796,1867,1710,1994,1813,2040,1867,2143,1962,2633,2408,1486,1339
T2412I,GGCAGTGGTA,913,782,982,863,1002,864,1229,1008,767,627,886,727,466,385,425,370,535,442,838,672,1197,1021,710,572,698,523,1028,858,1103,922,660,544,423,341,327,273,940,768,933,777,879,769,1002,770,1103,896,1026,864,879,769,1198,1031,1169,1028,929,772,855,737,1406,1170,1061,928,1282,1124,1135,961,856,748,757,660,1146,989,507,437,889,731,1760,1506,1484,1258,912,803,859,696,1187,1021,1201,1043,1529,1268,1027,857,1048,821,922,755,1045,889,956,755,1163,964,290,225,774,660,1060,918,1016,877,1209,986,1442,1235,903,770,1161,917,1310,1108,779,648,341,289,431,374,674,523,1269,1051,681,578,832,742,1008,832,1021,908,939,801,1329,1180,1032,844,1132,961,1193,1037,1168,982,619,526,818,673,755,590,897,780,1125,928,1033,862,1446,1229,924,768,1052,850,901,741,1164,918,814,658,851,721,692,591,629,515,1190,1014,1023,857,1398,1204,1562,1308,1592,1319,1262,1060
R2418G,GGCTTGAATG,886,840,1094,1015,598,580,676,612,802,745,570,514,414,391,349,315,181,159,694,608,783,720,560,512,681,624,773,704,824,744,409,376,16,15,194,181,485,440,830,751,477,440,936,810,682,615,621,560,589,564,561,510,722,674,710,660,752,706,744,691,505,480,463,426,590,548,759,717,733,673,691,634,602,569,224,205,576,538,865,790,735,693,747,671,944,881,653,613,1000,941,580,536,612,527,588,542,649,613,825,709,869,795,546,472,352,322,774,733,456,437,696,617,450,421,537,489,571,507,880,807,548,485,249,232,231,209,413,358,444,409,356,321,497,482,667,593,729,675,627,566,816,778,803,706,971,912,564,530,537,492,609,571,289,254,833,742,589,544,529,480,538,507,689,642,726,651,686,618,106,100,1023,935,208,181,297,277,599,562,390,329,507,481,585,532,696,649,979,892,1145,1083,758,705
N2436I,AAAAACATTG,1963,1855,2188,2057,1954,1833,2053,1796,1443,1293,1978,1769,1237,1125,1586,1434,1192,1064,2471,2087,2573,2371,1319,1167,1704,1445,2066,1872,1621,1479,1685,1490,499,446,801,720,2746,2368,1588,1390,1215,1108,1930,1668,1761,1601,1179,1077,2962,2709,2197,2045,2592,2418,1910,1743,1571,1449,1516,1402,1695,1586,2292,2111,2076,1861,2353,2209,1903,1764,1711,1565,1412,1295,924,826,1470,1363,2057,1890,2092,1977,2907,2611,2220,2069,1404,1317,3056,2797,1898,1735,1589,1396,2354,2141,1950,1777,2201,1939,2270,2067,1688,1468,1839,1665,1412,1294,1496,1395,2389,2126,2933,2724,2326,2152,1978,1731,2173,1982,670,607,1323,1235,881,828,2678,2380,1599,1464,2284,2118,1887,1814,2256,2061,1629,1541,3297,2989,1933,1798,3134,2815,3241,3025,2115,1946,1935,1711,2110,1948,1060,964,1671,1413,2411,2238,2238,2016,2046,1842,1718,1566,3052,2752,2313,2077,1427,1278,659,592,391,337,1918,1746,2265,2044,1957,1680,2483,2265,2482,2246,2346,2152,2892,2642,2288,2113,2391,2160
Y2601C,AGCTGAGATT,278,270,577,536,594,553,314,269,623,563,503,468,273,252,153,139,246,218,609,510,309,282,328,287,396,341,668,614,526,472,29,28,57,53,426,390,291,262,429,395,134,125,705,610,395,369,412,396,798,769,320,301,398,364,430,393,580,558,522,494,279,274,225,212,190,182,499,467,445,414,388,365,29,29,16,14,443,404,359,340,589,555,434,416,532,501,362,345,554,514,210,196,627,537,524,479,390,371,535,472,683,628,59,51,497,444,277,260,359,343,408,361,100,91,217,201,491,426,366,341,358,343,36,37,157,156,245,220,112,105,286,266,432,407,470,425,386,358,455,427,265,252,470,421,456,428,829,758,409,367,217,212,8,7,208,185,314,295,264,233,220,195,650,612,746,684,649,594,51,41,233,206,21,18,258,242,86,79,174,163,438,406,358,324,484,440,535,491,769,715,502,473
L2604P,GCACCCGCTG,553,535,459,445,613,591,367,334,396,372,443,419,9,9,6,6,47,44,234,203,274,262,256,243,574,507,552,542,553,503,0,0,3,2,13,12,77,74,113,101,89,83,470,422,479,453,484,462,140,132,113,104,429,415,366,341,432,417,395,386,33,34,61,62,128,119,357,357,353,356,424,418,15,13,5,5,4,4,460,445,265,255,238,225,508,495,416,412,750,705,70,68,66,62,92,91,369,357,331,319,461,439,27,26,2,3,0,0,122,114,108,98,90,91,329,316,338,314,203,191,6,6,10,8,6,7,43,41,19,17,34,37,114,114,151,143,138,131,112,108,247,237,71,66,324,306,369,365,420,386,30,27,7,6,2,1,56,57,50,47,47,49,220,225,451,427,345,312,1,1,2,2,0,0,27,26,7,10,30,30,167,158,158,144,180,170,410,387,499,473,477,466
G2609D,TTATAAGGTG,433,376,889,806,822,735,412,348,544,457,375,327,18,15,40,36,37,33,435,353,432,379,399,326,737,598,469,413,792,683,7,6,4,3,5,3,219,180,129,92,81,73,602,490,456,386,293,251,260,227,166,137,449,398,474,413,442,398,518,461,124,108,346,301,150,126,624,542,536,470,465,404,10,9,7,7,2,1,294,248,318,287,370,316,380,333,650,577,769,663,201,172,316,266,173,143,583,511,501,408,286,248,55,47,39,31,38,36,339,296,213,181,122,100,470,423,321,271,462,399,11,7,7,6,11,10,223,178,196,175,211,180,174,160,384,321,176,163,218,194,381,327,234,196,544,480,498,418,277,223,9,6,76,60,17,9,156,133,73,58,271,221,394,334,278,234,383,326,1,1,3,3,0,0,18,17,44,38,44,33,211,196,224,185,357,305,389,346,1284,1111,440,379
N2622S,AACAGTTTCA,637,599,526,478,390,374,432,377,433,401,393,342,10,9,20,16,5,4,252,218,242,225,207,180,440,379,387,355,507,451,3,3,2,2,14,14,237,203,53,48,82,79,553,463,362,316,321,294,83,74,127,120,138,121,367,346,268,248,449,425,52,51,42,40,34,31,281,250,266,244,384,350,41,38,5,5,43,38,189,180,154,141,218,205,486,455,264,251,580,550,126,116,128,113,55,49,316,302,398,350,147,140,25,25,11,12,33,29,32,29,101,81,44,37,198,193,352,316,326,305,39,32,0,0,0,0,8,6,18,17,0,0,115,109,167,144,216,208,200,187,107,103,69,60,467,430,299,273,226,198,11,11,8,7,44,38,64,54,36,35,47,46,258,242,329,301,256,239,1,0,3,3,7,5,22,18,35,31,23,21,60,55,103,94,177,158,261,246,347,320,402,363
H2623R,TTTTGTCAGG,529,500,554,498,379,357,329,282,315,274,315,285,8,6,20,19,3,2,217,182,340,311,120,111,286,240,389,370,378,327,6,5,2,2,2,2,88,75,61,56,55,49,373,325,348,319,373,345,131,117,171,161,215,192,355,330,305,286,338,314,22,20,39,39,28,28,444,414,339,313,187,166,3,3,0,0,6,4,188,173,95,91,104,90,395,370,267,261,385,338,129,115,66,56,76,72,258,245,339,308,265,240,1,1,9,8,6,5,74,71,44,39,177,169,181,175,164,134,167,157,3,3,1,1,1,2,12,10,43,42,18,19,71,65,136,113,100,90,46,42,37,35,100,83,264,239,249,229,209,191,29,29,2,2,9,7,45,42,62,59,36,34,184,177,163,152,172,155,4,4,2,1,1,0,41,36,14,14,5,5,126,113,66,60,99,92,382,350,332,320,197,181
W2626R,GTGCATCTGT,88,81,186,167,106,101,106,98,152,137,81,80,6,5,8,8,3,2,95,78,88,83,56,48,158,140,164,157,156,139,1,2,1,1,0,0,51,44,32,30,23,22,112,93,78,74,112,108,58,58,50,44,39,36,92,83,79,70,77,68,21,22,18,14,5,6,131,125,83,70,76,74,4,3,0,0,0,0,50,44,60,64,54,52,113,111,75,67,137,125,37,29,27,26,16,18,67,62,87,73,113,104,4,3,9,9,0,0,11,10,9,9,18,14,76,78,116,104,104,98,1,0,4,3,1,0,17,15,9,8,7,6,28,26,17,11,58,50,35,33,23,23,8,5,163,146,61,60,39,33,4,4,0,0,0,0,23,23,6,6,8,7,46,40,42,39,45,41,1,2,13,11,0,0,0,0,1,1,0,0,24,24,28,26,30,25,77,69,93,88,83,76
W2626C,TGTTTATTTT,195,187,276,251,245,229,181,167,274,261,139,132,21,22,18,16,1,1,128,98,134,125,129,122,105,102,228,220,222,216,7,8,3,3,0,0,26,24,13,13,23,22,254,219,240,219,140,135,40,40,69,62,103,101,136,123,195,183,126,119,23,21,42,44,21,21,137,138,158,152,104,101,0,0,1,1,1,1,192,186,122,120,77,67,432,423,169,163,343,327,84,79,15,16,28,30,99,92,125,109,141,130,11,11,1,1,6,7,37,31,26,23,54,49,73,65,174,160,152,147,5,3,0,0,2,2,10,11,12,12,6,6,46,45,51,51,56,52,60,58,25,24,72,68,169,160,143,140,139,133,4,4,3,3,3,4,37,37,8,5,50,42,174,160,109,96,91,83,1,0,0,0,2,2,8,9,5,5,0,1,131,132,59,56,89,85,203,185,197,189,147,137
I2627V,GCCGGGCTGG,980,952,1514,1431,941,900,1022,931,717,646,1247,1143,1847,1758,795,751,583,537,744,666,1559,1491,1228,1103,915,813,1149,1080,1142,1096,238,213,505,485,971,879,918,839,1058,990,773,723,976,866,1418,1330,815,761,1536,1429,1413,1351,1827,1737,1199,1126,1295,1220,1034,975,1480,1422,1584,1510,1497,1400,1187,1149,1071,1016,1716,1637,1194,1129,796,769,596,571,1519,1435,1187,1162,1039,981,1180,1096,882,842,1107,1052,1350,1261,1153,1027,1503,1417,790,742,1248,1093,1637,1550,2853,2542,689,637,1441,1351,949,909,1072,964,1063,992,1579,1481,1536,1369,1800,1706,1108,994,1128,1106,1464,1415,768,698,1077,1036,558,539,860,825,2215,2009,1992,1942,1419,1335,1469,1426,1444,1326,1060,1006,1500,1429,986,893,1415,1347,329,305,1321,1170,1894,1828,1252,1150,1063,1005,2012,1916,1351,1266,1347,1227,583,557,1586,1453,412,375,605,557,1635,1542,837,745,1360,1281,1507,1410,1327,1262,1948,1855,1921,1803,1101,1030
P2639L,TTTACGTCTT,580,558,978,925,674,660,556,524,746,692,649,595,128,120,54,47,76,66,671,605,695,675,516,467,786,714,704,667,961,879,35,34,11,12,3,3,289,278,382,365,213,199,629,546,746,696,667,648,488,468,469,439,656,629,636,599,748,714,674,648,323,314,287,283,166,157,506,490,609,577,752,717,119,110,73,71,90,85,412,374,571,555,751,704,812,760,617,594,1073,997,284,265,266,239,218,202,578,553,511,465,654,638,129,116,54,49,67,62,313,306,151,127,291,285,573,547,501,447,538,520,15,14,18,18,13,13,209,194,80,73,171,170,309,315,366,334,430,422,346,311,299,284,560,504,785,747,620,575,468,427,107,99,42,39,65,58,301,282,118,103,428,394,718,678,601,565,388,366,10,12,35,37,9,6,109,99,94,89,105,91,629,592,498,464,375,354,732,693,904,845,696,670
E2663K,CGCTGGGCCT,214,199,183,180,82,82,143,132,174,164,99,89,1,2,4,4,0,0,69,63,102,98,50,46,124,111,83,81,166,144,1,1,1,0,0,0,37,36,21,22,24,19,160,137,122,105,144,149,31,33,92,84,40,33,139,133,134,130,132,131,10,8,16,17,6,4,77,75,83,80,212,194,0,0,0,0,2,2,39,40,62,58,42,37,313,288,83,78,159,144,43,40,19,17,30,28,71,67,84,76,104,106,8,6,0,0,6,6,34,31,33,29,17,16,47,42,40,35,108,109,15,17,2,2,0,0,7,4,1,1,0,0,9,9,30,25,27,28,19,14,30,28,17,17,162,151,128,118,70,59,2,2,0,0,7,6,9,10,7,5,40,35,38,41,98,99,55,46,4,4,0,0,0,0,6,5,5,5,4,4,45,43,40,35,28,26,126,117,186,164,84,83
I2664M,GGTTTTGTTA,435,392,712,629,442,402,534,434,645,532,454,381,82,75,125,110,198,170,376,320,537,471,429,359,563,451,762,658,676,590,188,161,170,143,62,53,276,227,421,346,234,204,691,562,652,555,478,415,326,299,545,480,356,310,624,551,401,362,560,486,285,258,497,445,278,237,487,433,479,423,421,358,206,183,302,264,302,271,365,326,418,383,497,440,557,495,495,458,794,693,406,358,213,170,357,310,431,372,499,399,667,593,133,104,370,323,248,231,255,235,297,232,369,308,425,374,424,347,440,388,186,154,75,65,44,39,306,242,449,391,351,310,225,202,266,240,394,349,504,431,395,353,265,222,574,488,521,449,454,382,297,261,77,68,227,182,327,290,395,349,437,371,467,407,501,427,391,333,117,103,433,362,286,241,125,111,329,280,113,86,516,436,253,211,302,257,661,575,651,563,444,385
M2676T,CCTCTCTTAG,726,701,1023,967,723,681,892,828,787,711,779,717,710,672,424,402,418,382,992,857,1013,979,669,620,710,628,950,892,881,824,149,133,435,414,306,281,813,731,1078,986,569,543,992,865,893,834,576,539,1035,972,882,817,1016,946,918,856,676,630,1116,1043,387,363,786,756,965,877,808,764,910,850,1223,1132,645,611,409,395,510,483,1126,1046,674,646,1065,976,851,794,700,685,1436,1342,786,731,864,775,961,894,826,796,847,772,754,716,628,550,827,799,570,527,1046,987,768,715,712,666,759,717,824,738,622,570,243,222,461,448,376,349,804,731,778,734,891,840,692,668,432,388,658,649,667,615,682,647,1020,929,1231,1138,960,896,811,752,661,635,588,561,872,778,1144,1103,848,773,638,583,942,873,1022,965,1038,942,292,272,779,713,590,529,742,684,1160,1053,498,465,929,857,1248,1166,535,502,1177,1108,1081,998,888,824
L2688P,TGAAGGCGGC,318,301,271,261,343,324,175,146,302,263,219,192,1,1,5,6,5,5,184,159,300,276,141,124,273,235,338,309,273,240,11,10,0,0,10,9,91,75,58,49,22,25,308,266,346,308,295,281,81,73,112,105,102,90,251,234,252,243,273,258,50,41,96,95,34,29,233,213,189,183,174,153,1,1,2,1,11,10,101,91,76,72,174,154,426,387,263,246,464,440,124,112,50,41,52,48,105,92,219,201,216,195,1,1,4,4,1,2,38,34,32,28,15,14,86,82,79,69,129,122,1,1,2,2,1,1,47,42,11,10,9,8,86,84,39,32,93,94,49,43,57,46,70,63,354,317,93,88,136,120,2,2,2,2,5,4,53,54,58,52,24,22,129,110,143,136,176,145,3,2,5,5,0,0,5,5,3,3,2,1,50,45,70,63,22,22,285,265,359,339,190,174
S2697N,CGCTCCCGGC,869,815,943,896,1125,1091,1463,1363,1165,1091,1133,1053,1969,1859,1383,1306,1403,1269,1202,1075,1813,1721,1194,1087,871,822,705,676,1167,1054,2917,2712,1185,1111,1434,1340,1011,930,2179,2002,1026,969,961,849,1262,1202,1091,1030,2314,2199,2299,2153,2082,1979,1012,947,888,860,1159,1095,1436,1363,1125,1067,2578,2400,1248,1191,1105,1053,1529,1429,2274,2184,2207,2111,1519,1425,1216,1132,1521,1469,1151,1065,1209,1143,1025,1008,1292,1210,1806,1683,1497,1379,1426,1361,958,918,1339,1228,907,867,2084,1918,1607,1488,1300,1228,1501,1451,1315,1247,1984,1863,1086,1038,988,904,1442,1356,1195,1114,1738,1664,780,740,1959,1831,2384,2275,1631,1536,1646,1607,1281,1167,1376,1303,1486,1403,2212,2106,1530,1406,1533,1437,1623,1561,869,800,1839,1752,2796,2576,3033,2718,1940,1846,1704,1570,2727,2560,1561,1509,1355,1282,1291,1196,6851,6417,2329,2140,1392,1279,1188,1114,2196,2086,1988,1818,1606,1538,2506,2363,1897,1774,1001,948,1728,1613,799,751
A2717S,GTCTTGATTT,813,766,1138,1056,607,572,674,624,958,881,689,619,1258,1156,1006,936,734,662,658,586,796,740,729,664,679,611,684,632,1055,976,521,498,134,127,1222,1115,580,524,1030,950,737,719,787,698,874,818,625,583,1045,983,796,738,842,817,704,659,844,783,996,944,838,815,839,809,802,749,767,737,796,746,872,812,300,288,949,865,1329,1228,754,702,792,757,1031,958,1170,1130,822,780,1337,1240,1073,1012,721,638,897,844,760,711,785,723,832,798,1593,1440,799,753,1590,1496,1039,980,543,491,896,848,1187,1126,770,697,554,522,1026,935,844,798,2459,2355,1570,1402,377,346,656,629,590,557,861,798,1012,964,858,812,1101,1054,1001,911,1156,1072,859,810,828,747,715,672,1374,1290,2234,1959,894,853,1244,1144,1316,1208,729,675,710,652,924,844,1243,1177,1364,1265,635,578,918,839,1184,1106,908,791,586,540,785,725,954,901,1073,1026,1551,1440,771,730
L2721H,GTTTCAGATG,404,377,534,488,311,292,251,220,422,352,295,265,18,13,4,3,1,1,185,157,201,194,171,159,310,263,314,284,383,346,1,1,5,4,5,4,54,45,51,51,53,48,244,209,292,274,317,289,97,90,164,150,135,127,242,211,298,264,283,257,43,42,23,22,35,35,214,206,212,196,204,187,0,0,1,1,0,0,185,161,128,122,126,117,413,370,225,208,421,373,86,75,55,44,127,108,155,141,231,196,218,206,3,3,1,1,3,1,13,13,33,31,43,39,143,131,126,110,107,97,15,15,1,1,2,2,9,6,3,2,1,2,83,75,121,108,59,52,42,37,41,39,58,53,216,194,157,147,207,184,2,1,6,6,3,3,22,21,13,13,35,30,189,164,102,96,165,151,8,6,3,3,1,1,12,13,13,14,2,2,63,61,108,100,75,72,271,254,366,315,204,187
T2722R,TGACTGGCCT,443,418,398,394,349,340,417,386,365,352,413,395,18,15,15,16,12,11,240,218,387,369,179,167,400,354,354,346,335,303,7,7,3,3,0,0,80,69,101,94,134,127,739,667,426,411,333,315,276,256,131,132,206,197,356,346,216,214,450,442,48,43,114,110,58,60,449,428,441,422,357,341,3,2,14,17,14,12,300,293,238,231,227,209,435,416,362,358,431,404,140,133,43,40,201,194,252,247,290,255,302,284,49,48,6,4,5,4,74,72,91,86,40,35,269,253,173,159,313,304,2,2,2,1,0,0,7,4,23,21,7,7,142,135,300,275,146,141,133,126,166,155,53,48,253,240,418,398,305,293,5,6,11,12,12,12,46,41,29,26,82,78,242,243,258,247,390,359,0,0,1,1,2,2,4,4,9,9,11,12,179,165,232,213,141,135,413,382,361,345,463,440
T2722K,GTTAGTTGTA,409,374,592,536,541,484,367,325,417,365,358,297,20,18,4,4,1,0,271,227,441,384,208,189,348,282,558,500,520,447,6,5,2,1,0,0,136,112,92,76,47,39,402,324,463,398,428,379,121,112,303,276,98,89,299,255,385,349,459,419,41,37,55,54,76,63,299,274,256,233,548,496,2,2,2,2,2,2,187,168,222,209,167,146,353,314,380,348,507,473,62,59,132,104,93,75,277,246,437,382,287,265,5,6,6,5,21,21,58,53,77,60,66,58,186,161,187,157,262,226,6,5,3,3,3,2,25,21,14,14,28,22,95,89,145,121,146,148,58,48,73,61,174,145,408,368,239,220,280,253,5,4,3,0,6,5,34,32,57,44,50,46,185,159,175,164,292,251,0,0,0,0,4,2,7,7,0,0,5,5,160,154,152,130,116,96,290,256,335,290,268,233
D2723H,GGCTTTTCTT,388,367,642,589,375,361,434,400,309,277,304,283,18,14,21,20,12,9,278,240,315,282,190,169,287,247,438,405,364,326,3,0,1,1,0,0,69,63,91,86,53,53,390,345,387,355,347,322,136,132,86,80,192,180,205,190,339,315,350,324,52,47,55,58,56,56,411,382,433,402,217,200,8,7,11,11,1,1,244,241,148,138,158,151,356,317,296,294,353,321,107,98,135,119,87,88,241,215,268,235,380,353,21,16,7,5,5,3,64,62,44,41,90,85,229,214,148,122,239,222,1,1,11,8,1,0,13,12,26,28,7,5,73,72,112,95,119,123,121,120,71,67,100,84,371,341,194,183,313,296,25,25,23,18,38,32,73,65,42,37,42,42,186,174,169,154,130,126,5,4,4,3,0,0,20,17,9,7,16,15,145,137,132,125,112,109,262,242,321,309,309,282
D2723E,GACTGTCGCG,1024,948,1128,1039,954,905,970,888,1039,934,815,724,64,60,31,27,33,26,728,622,723,674,460,409,711,631,633,596,917,846,1,1,10,8,6,5,572,512,312,278,297,277,1346,1175,934,854,592,550,498,464,582,546,998,937,820,775,878,838,1097,1038,270,252,158,143,219,202,788,751,678,648,863,797,26,24,46,44,14,9,564,533,319,302,584,543,1421,1336,959,934,939,875,601,557,632,544,776,697,437,426,925,827,801,742,101,88,67,64,51,51,479,449,676,610,530,506,728,662,696,600,647,612,3,3,37,38,12,12,141,122,126,118,101,96,354,341,519,458,581,549,397,366,501,464,436,377,1200,1102,748,707,667,613,25,27,40,35,57,53,275,268,315,278,190,166,631,603,690,602,681,597,5,5,3,3,8,7,74,63,93,83,41,40,232,212,489,441,478,434,1022,938,1078,981,646,601
G2724W,GCTTCCCATG,586,542,816,767,671,633,519,469,483,443,293,276,15,15,4,3,18,13,523,441,399,365,288,267,597,513,752,681,753,678,6,4,4,4,5,6,178,161,146,136,48,49,720,625,926,855,452,425,251,240,242,230,288,270,416,372,576,562,658,620,109,106,108,112,67,63,467,443,512,491,399,362,4,3,5,5,1,1,299,266,219,203,334,296,749,699,480,480,695,631,84,76,119,100,85,79,352,329,454,400,451,415,10,5,8,8,4,4,51,49,61,55,78,74,255,246,233,200,388,364,11,10,1,2,0,0,21,22,16,15,9,8,108,102,153,126,153,143,150,143,112,110,130,115,296,262,497,458,470,430,6,7,4,3,8,9,79,70,87,80,44,42,274,264,210,198,262,236,2,2,1,1,3,3,19,20,3,3,18,16,125,116,183,154,132,128,559,520,585,535,620,564
K2729N,GCTTGCGGGC,1502,1407,1304,1183,1280,1208,1211,1091,1064,950,765,702,1655,1528,2573,2371,2005,1808,1298,1165,1627,1516,1118,1028,1375,1177,1095,1013,1535,1372,5377,4789,2563,2338,3339,3085,2284,2053,2623,2365,1377,1243,1037,899,1061,981,927,862,1533,1443,1954,1821,2348,2238,1412,1314,755,705,1037,973,1060,993,1193,1145,2443,2271,1396,1332,1235,1134,1483,1371,6402,5914,3204,2995,2304,2137,2604,2395,1874,1769,1933,1805,935,876,1283,1205,1625,1497,1904,1776,2278,2001,2072,1896,1451,1357,1526,1386,1651,1543,3684,3188,4821,4414,2736,2502,1411,1360,2933,2673,2518,2353,1575,1449,1090,968,1579,1475,3195,2902,1886,1755,4224,3957,1242,1134,3854,3600,1973,1848,2359,2221,1221,1122,2818,2654,1623,1521,1963,1846,1877,1678,2086,1932,1162,1100,1365,1225,4319,4081,1629,1531,4957,4235,2992,2796,1893,1730,3243,2976,1227,1153,961,880,1657,1511,2908,2686,1937,1727,5188,4621,3072,2849,2516,2345,4330,3851,2180,2000,1778,1629,1725,1583,1692,1567,1180,1057,920,844
V2747I,TCGCGTTCGG,1399,1310,2288,2172,1737,1649,1705,1526,1868,1692,1366,1246,1276,1180,923,858,1128,995,1898,1636,2646,2496,1253,1147,1623,1428,1999,1878,1524,1427,1791,1671,497,461,324,296,1475,1354,1520,1362,1536,1458,1695,1507,1871,1710,1524,1424,2632,2505,2106,1967,2314,2191,2148,2009,1462,1355,1851,1741,1819,1722,2260,2163,2161,1941,1594,1545,1536,1432,2384,2222,840,785,1410,1327,1233,1177,2441,2250,2063,1963,2521,2347,2149,2020,1764,1698,2377,2234,1466,1340,2128,1865,2106,1938,1892,1767,2032,1832,2268,2146,1840,1669,1708,1610,1090,1030,1399,1327,2318,2109,2139,1994,1592,1516,1995,1771,2008,1863,872,814,1001,955,692,651,1904,1724,1787,1695,1279,1211,1888,1803,1979,1819,1728,1651,2213,2072,2316,2204,2046,1853,2951,2776,2215,2092,2317,2119,1770,1689,1566,1467,1279,1141,1991,1876,2400,2141,2174,1988,1818,1732,1961,1836,1755,1620,1509,1406,1362,1229,808,700,2109,1873,1247,1156,1357,1248,1844,1732,2070,1902,1994,1845,1889,1778,2658,2451,1932,1795
G2748D,TCCATCGTTT,199,184,199,178,175,164,179,158,160,147,160,153,2,2,2,2,0,0,144,124,100,92,95,86,159,134,207,193,160,145,3,3,0,0,0,0,70,65,25,21,31,28,243,213,148,138,97,98,104,92,83,76,40,36,112,115,174,165,222,210,4,5,15,16,77,68,152,143,165,157,124,117,9,9,0,0,0,1,115,97,85,83,74,67,241,227,128,127,217,203,19,19,46,42,117,115,81,85,147,134,135,123,17,13,17,17,1,1,64,60,31,28,8,8,149,143,66,59,34,29,2,1,0,0,1,1,0,0,6,6,0,0,17,17,76,69,41,35,54,55,55,50,21,21,101,98,91,85,140,129,0,0,9,6,0,0,11,14,4,4,8,10,136,129,183,172,113,112,0,0,0,0,1,0,1,1,2,2,0,0,75,68,51,46,85,71,131,123,213,208,148,139
R2842H,GGTCTTGGAC,361,317,619,536,286,259,458,385,196,172,126,121,9,9,89,65,18,12,203,160,272,234,115,83,259,217,428,384,332,283,6,5,1,0,2,2,70,55,223,166,51,48,171,137,278,225,195,168,201,171,144,124,112,106,175,154,310,273,327,284,39,34,37,34,92,75,366,327,300,268,433,370,41,38,47,42,59,55,114,95,179,170,153,138,355,307,221,201,468,397,90,75,50,37,162,134,215,182,198,165,156,133,122,104,42,34,38,29,221,172,103,91,61,46,246,216,248,202,200,186,0,0,18,16,0,0,83,70,137,130,13,8,145,133,168,143,190,169,109,93,153,139,230,184,280,241,292,245,268,225,54,46,8,6,4,2,167,156,99,69,115,80,304,275,285,256,117,98,1,1,3,3,24,24,45,34,7,8,184,155,124,104,135,119,176,144,295,268,299,270,225,199
R2896C,ATTTTTTTCT,1518,1441,1882,1758,1204,1160,1670,1497,2199,2001,1467,1367,4661,4337,6120,5712,3585,3274,2379,2102,2574,2388,1506,1386,1399,1255,1556,1468,1897,1741,9360,8669,5914,5484,6173,5702,2412,2157,3217,2935,1778,1668,1961,1691,1914,1779,1176,1102,3719,3459,3129,2940,3115,2947,1446,1359,1638,1556,1800,1712,4129,3943,2308,2197,3555,3304,2475,2346,2210,2121,2197,2054,5358,5069,3406,3190,4287,4040,1817,1686,2190,2096,2534,2356,1631,1544,1642,1580,3014,2809,2755,2610,2743,2488,2476,2323,1490,1416,1702,1541,1692,1580,5014,4514,3302,3084,6557,6134,3898,3695,2593,2354,2776,2652,2110,1986,1509,1366,2137,2006,6446,5979,5004,4795,3661,3522,4526,4143,4097,3853,4369,4149,2429,2293,2417,2227,2927,2739,3936,3684,3038,2825,3110,2820,2538,2372,2087,1980,1952,1805,4475,4166,7499,6876,4789,4251,4807,4528,3696,3383,5231,4792,2050,1948,2051,1870,1631,1463,9579,8855,3006,2760,6973,6328,5239,4873,4303,3997,4441,3930,1928,1824,2101,1914,2421,2203,2407,2240,2493,2327,1629,1520
V2908G,CCGTGTCAGG,738,686,957,891,518,498,682,599,585,518,604,557,85,78,209,194,96,85,507,417,1031,926,491,449,648,563,772,727,1129,1022,3,3,10,8,12,9,428,361,382,343,278,248,759,659,780,686,689,631,677,616,323,299,482,444,617,569,757,683,770,719,375,333,459,432,210,195,742,684,587,544,810,734,51,42,138,123,55,53,507,439,586,556,610,553,912,834,703,653,1095,1001,497,479,299,254,440,388,589,534,808,720,609,564,124,99,124,110,27,21,321,307,333,285,350,336,456,408,706,584,670,593,6,6,13,13,4,4,241,196,59,57,33,32,302,276,325,287,404,364,470,420,312,282,356,320,997,901,607,569,463,422,128,121,57,49,27,22,279,268,134,123,211,196,597,564,379,330,387,333,5,5,53,52,2,2,198,178,81,70,79,66,495,452,334,300,667,611,972,895,865,801,735,658
A2911E,CCATCGCAGC,887,825,1727,1649,1022,991,1409,1306,1466,1375,1895,1770,4241,3924,3799,3576,1703,1598,2375,2083,2473,2386,1890,1760,1464,1319,1975,1932,1186,1125,2792,2613,2089,1909,1832,1741,3619,3310,1571,1453,2156,2044,1660,1503,2110,1956,1996,1904,2868,2718,1886,1809,1853,1796,1617,1516,1646,1574,1790,1762,3826,3618,2785,2674,1619,1507,2346,2266,2006,1892,2030,1916,2873,2798,1714,1602,5144,4882,2372,2249,2390,2314,2639,2491,2099,2027,1380,1354,1635,1548,3270,3079,2168,1952,3390,3224,1963,1860,2525,2268,2269,2143,4263,3904,4421,4194,2082,1971,2107,2015,3348,3093,4544,4337,1996,1881,1921,1729,2086,1987,2695,2532,2803,2718,1565,1533,2755,2477,2428,2242,2657,2493,1725,1686,3725,3478,3573,3452,3434,3266,2943,2854,4084,3729,2476,2336,2250,2190,2056,1899,3188,2986,3381,3070,2334,2111,2309,2224,3312,3105,4389,4075,1909,1838,2100,1936,1879,1736,2551,2367,2901,2679,1763,1619,3536,3333,3358,3150,1612,1433,3498,3309,2535,2347,2726,2556,2428,2253,2451,2305,2631,2522
A2911V,TCCTGGGTTG,1364,1262,2231,2078,1467,1363,1825,1598,1350,1201,1096,978,627,564,976,894,513,441,1342,1167,1987,1854,1463,1295,1328,1177,1644,1490,1716,1526,581,543,268,251,331,299,1571,1356,1418,1298,1027,934,1227,1056,1525,1377,1062,967,1776,1627,1135,1046,1652,1511,1125,1000,1326,1243,1794,1645,1181,1123,978,926,1245,1115,2072,1913,1897,1770,1608,1469,904,863,599,538,784,713,2223,2029,1739,1656,1686,1559,2270,2046,1330,1258,1958,1794,988,907,1334,1101,1929,1717,1602,1474,1160,1025,1320,1210,957,833,798,739,740,678,1414,1322,1125,984,2228,2058,1551,1412,1593,1330,1646,1501,666,567,1465,1372,751,703,1885,1638,920,834,884,801,1007,938,1143,1006,1352,1267,1859,1689,1312,1210,1171,1041,1529,1343,1406,1290,1771,1565,722,672,952,855,437,379,1107,1032,1849,1668,1709,1526,1396,1260,1379,1250,1471,1278,910,812,932,817,451,403,1251,1132,920,843,748,633,1454,1342,1400,1228,1497,1343,1963,1778,2229,2021,1566,1443
D2913H,TTTGTGGCTG,551,505,826,762,625,586,449,396,456,415,476,409,68,65,79,69,87,80,402,346,390,361,367,328,450,400,704,656,685,614,8,8,51,47,36,35,156,139,118,107,182,170,540,452,649,622,462,405,351,326,327,318,346,320,523,494,443,409,592,555,193,177,294,271,138,128,625,597,576,515,444,415,144,132,71,66,156,148,524,476,427,392,573,508,559,532,465,436,633,585,267,244,148,131,293,262,475,438,548,483,625,576,86,70,31,28,74,70,369,335,263,225,98,84,356,325,342,302,416,392,8,7,138,132,21,19,169,156,241,223,59,53,243,227,336,298,332,300,304,266,379,353,215,192,476,437,399,380,496,439,51,44,45,43,67,56,250,239,228,215,250,222,418,394,409,376,402,351,75,69,66,62,21,22,52,50,98,89,193,168,449,421,329,289,366,330,629,603,438,390,614,564
I2944F,AACTCTACCT,1683,1621,1745,1738,1097,1079,1472,1420,1430,1383,1172,1141,1538,1482,874,855,436,418,1269,1157,1691,1669,1104,1068,1230,1180,1681,1653,1304,1270,691,678,437,428,235,221,1235,1178,1355,1302,1092,1057,1503,1433,1595,1553,921,892,1393,1388,1551,1500,1917,1877,1470,1450,1200,1173,1180,1170,1681,1639,1688,1659,1325,1252,1723,1686,1702,1700,1783,1765,624,611,543,524,1733,1667,1772,1722,1449,1441,1326,1280,1871,1857,1083,1069,2128,2070,1423,1373,1505,1431,1291,1277,1537,1534,1512,1433,1331,1313,1689,1607,867,868,934,917,1553,1503,1492,1410,1539,1495,1211,1193,1582,1505,1450,1405,1201,1144,851,837,288,294,1322,1224,1285,1244,1456,1433,1391,1375,1769,1706,1652,1642,1636,1622,1638,1600,1750,1673,2247,2196,1364,1337,1372,1299,1029,1016,1172,1123,1203,1117,1564,1554,2160,2068,1688,1620,1493,1474,1938,1879,1287,1216,655,634,849,815,346,345,1328,1277,1629,1579,1598,1497,1954,1943,1660,1574,1894,1830,1519,1470,2433,2366,1651,1629
I3044V,CTGCTGTGGC,1399,1318,2096,1831,1524,1453,1845,1667,1809,1680,1336,1231,3441,3195,2198,2030,1426,1324,1458,1280,2381,2240,1238,1140,1385,1194,1952,1842,1598,1337,2896,2477,930,863,1778,1637,2113,1875,2681,2533,1999,1856,1655,1441,1610,1469,1583,1495,2747,2639,1967,1831,2495,2379,1652,1559,1658,1535,1534,1410,2389,2264,2397,2246,2065,1902,2361,2200,2059,1896,2468,2277,1843,1587,2187,2058,1679,1590,1898,1748,2628,2506,1802,1643,1981,1841,1683,1601,2119,1830,2258,2140,2195,1950,2329,2169,1565,1469,1762,1553,2397,2233,2056,1681,2711,2328,2297,1975,1791,1681,2154,1933,3296,3090,2056,1926,2119,1900,2496,2307,1727,1585,2242,2114,1221,1164,1640,1453,1423,1330,3023,2841,1707,1632,2773,2531,2012,1913,2774,2558,3188,3035,3843,3507,2953,2471,1349,1302,1818,1621,2677,2517,1934,1790,2101,1669,2954,2811,1762,1656,3754,3445,1818,1697,2329,2174,2135,1965,2389,2206,2869,2358,1451,1308,2755,2565,3564,3306,2484,2213,2459,2273,1945,1787,2846,2693,1986,1874,2501,2137,2004,1861
R3052W,TCTGTTGACC,407,404,572,552,430,429,331,304,340,322,187,176,3,3,3,3,7,9,201,186,395,380,127,113,479,437,434,422,440,413,2,2,1,1,1,1,77,68,48,46,30,32,612,549,575,544,250,238,73,70,123,119,111,108,306,282,264,249,247,244,8,10,24,24,18,19,245,244,273,267,327,317,4,4,6,5,11,11,238,232,170,171,73,71,550,530,236,235,656,635,152,143,58,56,82,74,184,175,427,402,209,201,1,1,1,1,17,16,27,29,22,22,55,50,197,190,162,152,159,144,2,2,9,9,3,2,28,25,33,33,10,10,99,96,248,238,61,63,76,72,35,34,76,70,323,322,199,185,309,289,10,10,1,1,11,10,65,65,34,33,28,28,211,213,147,140,114,105,6,6,0,0,9,9,5,5,16,16,7,6,232,230,51,45,119,101,331,316,363,354,332,309
P3054S,TTGTTCTGGT,1435,1304,1854,1679,1016,931,1325,1132,1358,1202,1111,984,765,697,614,530,438,383,1523,1220,1350,1218,880,774,971,831,1426,1321,1016,897,559,510,280,253,325,293,1312,1082,1151,1037,785,709,1555,1280,1103,994,968,879,1486,1337,1488,1355,1284,1185,1201,1073,1326,1238,1209,1127,897,826,1100,975,978,857,1178,1111,1116,1008,1143,1056,298,276,398,361,380,339,1508,1317,1445,1332,1140,1028,1553,1401,1326,1238,1521,1327,1377,1235,1157,959,1342,1188,1006,915,1018,850,1125,1032,647,549,441,420,1139,1029,994,864,1011,853,1519,1328,1091,972,1388,1189,1248,1126,186,177,608,570,262,252,1060,931,869,824,596,540,785,722,1715,1523,1262,1162,1081,981,1530,1394,1603,1368,2110,1917,1094,993,1351,1181,380,315,574,525,580,488,1097,1018,1337,1156,1345,1153,1330,1216,1547,1373,1393,1230,652,593,242,220,208,166,531,457,603,530,889,761,1042,969,1295,1147,1116,1017,1806,1621,1545,1368,1035,939
D3095E,GGACATCATT,416,395,641,585,482,446,376,343,351,321,309,280,5,5,7,7,6,6,214,185,364,354,144,128,352,300,505,476,327,311,2,2,2,2,2,2,129,117,78,73,35,28,436,389,418,390,278,264,119,116,144,128,99,97,345,313,362,340,374,347,26,26,35,32,24,17,364,350,395,369,415,378,1,0,2,1,0,0,91,89,189,183,224,199,402,386,350,338,345,320,98,97,61,47,60,55,245,217,301,273,192,181,6,5,14,16,14,12,43,41,36,32,33,32,140,127,247,219,149,139,1,1,1,1,2,2,8,6,11,12,11,12,98,98,134,120,136,133,92,70,44,44,86,76,412,378,305,294,191,177,6,6,3,2,2,2,70,66,39,35,23,18,467,435,204,196,387,346,3,3,1,1,3,2,9,9,8,7,83,74,77,74,120,112,126,125,369,340,453,413,291,274
E3096K,AGGCGTTTCC,1238,1177,1455,1328,896,869,1410,1292,1092,969,950,854,2451,2271,1499,1369,953,868,1011,879,1259,1182,944,844,1078,924,1098,1023,1362,1278,1551,1389,1515,1350,2124,1951,1882,1660,1773,1598,1007,929,1017,882,981,903,1035,968,1322,1259,1231,1164,1737,1613,1065,973,965,928,1226,1190,1711,1625,1956,1845,1900,1757,1743,1674,1316,1257,1263,1187,2366,2227,2965,2704,1861,1726,1261,1167,874,840,1773,1622,1655,1525,1254,1212,1636,1526,1501,1427,1442,1277,1308,1186,1047,986,1916,1742,1395,1291,3442,3052,2787,2589,3660,3418,1579,1483,2367,2135,2147,2034,1413,1281,1000,863,1485,1352,3092,2860,2706,2583,3897,3704,2522,2261,3287,3036,2608,2415,1288,1229,2456,2225,2001,1895,1180,1072,1929,1773,2394,2136,2118,1944,1007,941,1295,1166,2466,2272,4219,3791,5591,4890,2904,2733,2705,2481,2243,2037,1420,1362,1724,1555,1191,1078,3061,2834,5588,4958,1320,1185,1812,1673,3184,2943,1732,1532,1127,1050,1185,1069,2059,1890,1691,1576,1584,1446,1446,1348
Y3098H,ACTTAGTCAT,901,844,1358,1213,1284,1173,1524,1351,1513,1350,1181,1053,4240,3851,3079,2759,2302,2015,1119,912,1764,1609,1385,1230,1138,963,1384,1259,1271,1147,6109,5452,5280,4805,2250,1983,2396,2053,2212,1932,1270,1155,1198,1018,1095,1005,814,753,1750,1620,1969,1793,2024,1880,1050,971,1103,1014,1323,1215,1768,1644,2594,2426,2087,1838,2065,1921,1939,1749,1860,1672,4175,3861,3120,2891,4773,4362,1240,1096,1135,1067,1379,1257,1552,1393,1019,948,1717,1552,1461,1328,1473,1277,2167,1961,1255,1148,1080,961,1065,956,2348,2066,5435,4929,5613,5126,1590,1471,2043,1804,1890,1744,1731,1605,1391,1206,1309,1154,2878,2599,5331,4973,3155,2923,1921,1738,2805,2561,2422,2265,1589,1462,1370,1237,2318,2141,1757,1571,1885,1752,2123,1846,1556,1404,1420,1293,1340,1190,3696,3352,2619,2372,5047,4316,2333,2175,1574,1394,3030,2746,2238,2090,2135,1901,1490,1296,3916,3531,3787,3344,2200,1950,2541,2291,3631,3262,2257,1966,1685,1509,2475,2195,2340,2131,1941,1782,1684,1491,1673,1524
N3124I,TTTTCTTTAT,555,513,736,659,553,523,503,450,524,473,503,432,45,37,14,13,16,15,464,407,435,376,231,199,693,592,537,486,439,388,3,1,13,11,1,1,66,55,106,99,86,76,772,668,842,780,565,515,338,320,285,275,374,350,524,487,680,629,495,460,133,123,185,171,117,101,537,500,467,422,285,253,5,5,8,8,8,7,261,234,265,239,519,474,768,700,378,358,462,425,319,309,73,63,289,267,316,286,523,468,476,438,52,40,5,4,1,1,195,182,222,188,384,350,286,254,708,623,517,486,2,1,9,9,30,29,9,7,103,94,68,59,127,120,236,208,166,157,306,291,170,155,88,73,533,491,333,303,419,387,8,7,11,10,14,8,104,93,64,60,234,223,341,314,69,61,280,260,2,2,6,6,0,0,28,25,23,18,38,32,169,160,296,253,113,98,805,731,880,816,344,318
I3183V,CTTTTTTACT,1057,1015,757,730,900,880,777,728,1101,1069,613,569,2361,2235,2562,2421,2448,2315,1125,1042,997,955,1025,985,843,755,982,958,1086,1020,6376,6165,1981,1898,2980,2838,1052,986,1689,1637,1014,987,1048,931,1048,1000,788,753,1745,1698,873,855,1751,1707,1172,1143,1053,1019,915,873,1198,1162,1558,1515,960,922,1059,1024,763,764,1035,995,2528,2474,1330,1267,754,728,840,816,1376,1332,998,971,987,955,898,873,1972,1890,914,914,1387,1268,1381,1320,1027,1018,931,873,1117,1093,1763,1635,3935,3827,3219,3133,3042,2964,1605,1529,1550,1514,1429,1374,1117,1058,1311,1269,2426,2291,4837,4725,2604,2569,1363,1302,2022,1947,4209,4096,1154,1138,2056,1943,1834,1808,937,914,2168,2086,2011,1913,1126,1094,1320,1279,1271,1212,4095,3969,1028,967,1607,1481,1279,1245,2395,2305,1935,1845,1081,1070,888,856,1219,1146,3674,3507,6615,6275,594,564,3387,3239,2877,2757,1361,1241,1340,1297,1453,1404,2035,1934,1009,978,1422,1389,893,859
N3187K,CATTGTGTTT,1427,1312,1300,1172,1020,956,1369,1198,1309,1159,1189,1057,968,886,996,900,606,544,1081,906,1695,1550,815,736,856,737,1275,1151,1061,934,1460,1309,481,445,823,772,1035,915,1330,1205,919,826,1018,858,1148,1002,887,811,1432,1305,1313,1220,1169,1075,893,805,970,887,1122,1037,1010,912,1441,1347,1009,908,1207,1107,1213,1116,1247,1122,863,786,735,673,1174,1066,1147,1036,1346,1267,1304,1162,1342,1202,1174,1121,1945,1738,1137,1040,1186,1034,1084,995,1267,1176,921,808,1309,1195,1033,897,1389,1277,496,446,1145,1093,1131,1006,1161,1072,1298,1211,1329,1144,1521,1366,275,252,421,401,259,240,577,501,936,869,1507,1367,910,860,1331,1169,1122,1038,1007,926,1680,1516,1541,1314,1594,1466,1339,1230,998,892,1255,1146,906,787,1592,1395,1366,1266,1328,1194,1955,1747,1501,1382,1141,1029,900,790,578,529,1212,1065,755,663,1372,1246,1224,1119,1329,1153,1285,1183,976,891,1090,989,1793,1641,2002,1825,976,896
S3291C,TCTTGTTGGG,485,456,443,415,463,440,408,362,658,594,616,537,180,158,67,63,78,68,464,401,609,548,309,285,584,496,434,406,804,715,39,38,42,34,102,93,345,302,315,292,178,154,692,591,566,517,615,563,444,419,367,349,723,703,408,374,304,275,466,424,336,328,299,288,288,277,957,906,818,741,480,440,115,114,19,15,20,19,595,556,648,637,442,403,686,643,602,549,580,546,133,123,324,292,551,499,514,480,513,453,524,456,128,117,136,126,12,12,219,207,244,224,333,314,444,390,359,320,505,457,6,4,31,29,31,26,203,181,155,144,216,204,366,351,453,412,283,253,277,243,492,467,313,269,764,700,362,335,425,371,94,84,117,103,58,55,367,329,316,275,119,108,581,531,482,434,362,304,200,191,29,27,4,3,36,34,83,79,202,167,525,452,274,231,498,443,696,664,771,703,369,327
P3292L,GCTGGTCCTC,1374,1284,1752,1617,1724,1641,2162,1977,1377,1248,1310,1204,1858,1677,1479,1379,1032,919,1996,1724,2409,2235,1237,1102,1505,1318,1657,1548,1495,1350,2591,2340,1024,935,250,242,3271,2917,1937,1740,907,833,1294,1135,2066,1857,1244,1163,999,910,2147,1990,2324,2180,1822,1655,1601,1490,2025,1902,2082,1967,1729,1605,1561,1438,2010,1889,1683,1563,1857,1713,1367,1265,1221,1139,1211,1132,2076,1898,1349,1283,1759,1594,2068,1945,1662,1599,2670,2430,1551,1436,1761,1553,2884,2669,1987,1819,2118,1864,1983,1836,995,871,1867,1733,1689,1562,1611,1478,1766,1578,2268,2134,1497,1393,1751,1529,1455,1363,694,644,1814,1738,1299,1273,1998,1738,1950,1830,1194,1129,1451,1384,2029,1811,1685,1576,2162,1968,2406,2226,2237,2006,2111,1909,1648,1570,2004,1827,907,844,2171,1969,1576,1372,2240,2111,1654,1508,1747,1587,1854,1765,2050,1919,1940,1675,861,797,1514,1341,1308,1188,1605,1454,1540,1415,1976,1738,2029,1868,1767,1621,1430,1340,1993,1865,2258,2035,1512,1394
S3319F,AGGTGGTCAG,1215,1023,1526,1307,838,723,1488,1200,1051,839,1489,1234,1938,1614,1041,843,1140,912,1725,1309,1590,1326,1242,970,1017,781,1121,939,1139,937,716,575,1223,1008,1192,970,1704,1360,1394,1124,1104,907,1381,1057,1656,1325,1063,861,1548,1300,1502,1266,1697,1459,1308,1069,1468,1270,1274,1049,1856,1547,1927,1665,1341,1076,1290,1108,1126,918,1768,1446,1381,1209,1618,1339,2294,1932,1672,1385,1808,1567,1692,1353,1838,1562,1545,1329,1962,1646,1573,1318,1779,1408,1724,1405,1474,1271,1411,1102,1433,1196,1617,1265,1224,1036,1400,1179,1773,1492,1245,1001,1741,1492,1462,1196,1274,943,1746,1429,485,386,1168,1007,629,547,1034,842,1863,1547,2119,1780,1117,974,1820,1442,1753,1549,2065,1660,1497,1269,2246,1766,2005,1649,1707,1456,1354,1098,1652,1387,1169,940,1523,1183,2281,1936,1495,1198,2775,2271,1273,1060,1063,886,833,637,1520,1254,1496,1225,948,727,1982,1587,1028,880,1464,1151,1607,1337,997,814,1525,1292,1402,1216,1846,1553,969,798
R3385H,ATCATGCCGT,2502,2248,3908,3657,2023,1945,3208,2913,3124,2868,2599,2421,3798,3354,3668,3394,2363,1991,2815,2210,4633,4316,2107,1914,3132,2804,3277,3114,2608,2359,4271,3950,885,777,1143,1056,4156,3699,4538,3817,2321,2187,3174,2765,3011,2772,2668,2514,5477,5143,3571,3053,5754,5380,3034,2818,2688,2519,2885,2744,3716,3370,3816,3624,3365,2814,3881,3649,3716,3486,3098,2877,2944,2746,2736,2453,3557,3306,3577,3053,3681,3445,4279,3900,3377,3146,2370,2238,3842,3562,3134,2737,3826,3149,4264,3607,2819,2629,3689,3338,2834,2628,3333,3049,3406,3194,2819,2676,3909,3682,5095,4708,4653,4370,3473,3234,3584,3186,3274,3057,2000,1847,2111,2030,2099,2018,4166,3611,4143,3758,2726,2469,2914,2783,2943,2729,4076,3892,4795,4396,3126,2919,4822,3973,4289,4003,3384,3204,3187,2881,4686,4396,3961,3520,3617,3208,4606,4340,3354,2839,4830,4446,3471,3338,3710,3389,3371,3042,2605,2328,4514,4091,778,710,4170,3543,3475,3224,2999,2489,3375,3109,3662,3340,3791,3533,4471,3980,5140,4722,2660,2503
T3387A,CGCACAGCCT,1447,1379,2711,2648,2048,2050,2157,2051,2961,2832,1686,1611,3552,3351,2134,2037,2180,2064,2381,2222,3879,3795,1690,1598,2239,2083,3092,3031,2302,2189,1899,1821,1571,1489,1339,1266,3178,2943,2672,2544,2291,2195,1984,1807,2818,2719,1644,1635,3170,3085,3032,2944,3828,3722,2450,2365,1782,1732,2276,2209,2647,2587,3583,3487,3037,2913,2863,2773,2715,2617,2529,2440,2839,2751,2759,2617,2288,2184,2508,2413,3224,3234,2345,2230,2866,2800,2091,2046,2547,2451,3141,3050,3955,3648,2825,2721,2411,2361,2555,2392,3363,3299,4284,4005,5965,5832,3641,3540,3554,3473,2484,2312,4864,4731,1979,1906,2164,1992,3084,3000,2835,2701,3958,3948,3133,3037,4729,4388,4958,4761,4417,4252,2239,2185,4225,3965,2821,2784,3260,3168,4150,4038,5252,4932,4349,4243,2926,2843,1780,1704,4905,4778,3740,3469,2964,2772,6291,6175,2794,2651,5378,5136,3179,3123,3183,3067,3001,2813,3837,3622,2168,2059,2621,2509,3078,2972,2172,2087,2983,2744,3427,3318,3210,3084,3680,3540,2750,2661,3282,3175,2459,2380